1/2/2023 12:30,50.64
1/2/2023 13:00,49.64
1/2/2023 13:30,48.64
1/2/2023 14:00,50.97
1/2/2023 14:30,53.3
1/2/2023 15:00,44.27
1/2/2023 15:30,46.49
1/2/2023 16:00,55.98
1/2/2023 16:30,47.41
1/2/2023 17:00,52.06
1/2/2023 17:30,56.7
1/2/2023 18:00,46.22
1/2/2023 18:30,43.03
1/2/2023 19:00,45.21
1/2/2023 19:30,47.39
1/2/2023 20:00,49.58
1/2/2023 20:30,54.9
1/2/2023 21:00,47.57
1/2/2023 21:30,47.31
1/2/2023 22:00,55.36
1/2/2023 22:30,43.95
1/2/2023 23:00,45.43
1/2/2023 23:30,46.91
1/3/2023 0:00,48.39
1/3/2023 0:30,48.45
1/3/2023 1:00,54.43
1/3/2023 1:30,48.11
1/3/2023 2:00,47.28
1/3/2023 2:30,45.14
1/3/2023 3:00,42.99
1/3/2023 3:30,42.62
1/3/2023 4:00,44.81
1/3/2023 4:30,47
1/3/2023 5:00,47.54
1/3/2023 5:30,54.42
1/3/2023 6:00,47.04
1/3/2023 6:30,43.63
1/3/2023 7:00,47.92
1/3/2023 7:30,45.18
1/3/2023 8:00,44.17
1/3/2023 8:30,54.19
1/3/2023 9:00,52.91
1/3/2023 9:30,51.64
1/3/2023 10:00,62
1/3/2023 10:30,52.78
1/3/2023 11:00,46.7
1/3/2023 11:30,47.07
1/3/2023 12:00,48.91
1/3/2023 12:30,79.12
1/3/2023 13:00,49.85
1/3/2023 13:30,52.93
1/3/2023 14:00,50.51
1/3/2023 14:30,48.6
1/3/2023 15:00,46.7
1/3/2023 15:30,45.5
1/3/2023 16:00,45.38
1/3/2023 16:30,46.75
1/3/2023 17:00,48.11
1/3/2023 17:30,50.11
1/3/2023 18:00,52.8
1/3/2023 18:30,55.48
1/3/2023 19:00,44.37
1/3/2023 19:30,43.79
1/3/2023 20:00,49.8
1/3/2023 20:30,46.57
1/3/2023 21:00,50.41
1/3/2023 21:30,53.62
1/3/2023 22:00,51.92
1/3/2023 22:30,50.21
1/3/2023 23:00,50.17
1/3/2023 23:30,54.41
1/4/2023 0:00,53.23
1/4/2023 0:30,54.23
1/4/2023 1:00,55.24
1/4/2023 1:30,56.24
1/4/2023 2:00,56.04
1/4/2023 2:30,61.68
1/4/2023 3:00,55.45
1/4/2023 3:30,50.85
1/4/2023 4:00,57.65
1/4/2023 4:30,50.14
1/4/2023 5:00,56.05
1/4/2023 5:30,56.56
1/4/2023 6:00,57.06
1/4/2023 6:30,123.8
1/4/2023 7:00,173.04
1/4/2023 7:30,220.14
1/4/2023 8:00,325.24
1/4/2023 8:30,430.34
1/4/2023 9:00,535.45
1/4/2023 9:30,640.55
1/4/2023 10:00,659.87
1/4/2023 10:30,679.19
1/4/2023 11:00,698.51
1/4/2023 11:30,713.62
1/4/2023 12:00,630.03
1/4/2023 12:30,662.08
1/4/2023 13:00,694.13
1/4/2023 13:30,713.96
1/4/2023 14:00,733.8
1/4/2023 14:30,753.63
1/4/2023 15:00,752.87
1/4/2023 15:30,752.1
1/4/2023 16:00,661.67
1/4/2023 16:30,571.24
1/4/2023 17:00,600.75
1/4/2023 17:30,588.7
1/4/2023 18:00,580.44
1/4/2023 18:30,456.93
1/4/2023 19:00,439.42
1/4/2023 19:30,449.28
1/4/2023 20:00,454.86
1/4/2023 20:30,454.21
1/4/2023 21:00,453.56
1/4/2023 21:30,445.12
1/4/2023 22:00,444.92
1/4/2023 22:30,406.8
1/4/2023 23:00,427.33
1/4/2023 23:30,411.33
1/5/2023 0:00,295.7
1/5/2023 0:30,219.2
1/5/2023 1:00,142.71
1/5/2023 1:30,66.22
1/5/2023 2:00,70.87
1/5/2023 2:30,75.53
1/5/2023 3:00,71.66
1/5/2023 3:30,67.79
1/5/2023 4:00,76.37
1/5/2023 4:30,72.59
1/5/2023 5:00,67.02
1/5/2023 5:30,66.25
1/5/2023 6:00,65.49
1/5/2023 6:30,112.85
1/5/2023 7:00,304.61
1/5/2023 7:30,496.36
1/5/2023 8:00,688.11
1/5/2023 8:30,879.86
1/5/2023 9:00,868.88
1/5/2023 9:30,857.91
1/5/2023 10:00,864.72
1/5/2023 10:30,871.53
1/5/2023 11:00,878.35
1/5/2023 11:30,885.16
1/5/2023 12:00,722.18
1/5/2023 12:30,694.99
1/5/2023 13:00,738.32
1/5/2023 13:30,781.64
1/5/2023 14:00,824.97
1/5/2023 14:30,868.3
1/5/2023 15:00,827.25
1/5/2023 15:30,786.2
1/5/2023 16:00,745.15
1/5/2023 16:30,704.1
1/5/2023 17:00,663.06
1/5/2023 17:30,622.01
1/5/2023 18:00,586.97
1/5/2023 18:30,489.74
1/5/2023 19:00,447.9
1/5/2023 19:30,509.28
1/5/2023 20:00,550.97
1/5/2023 20:30,592.67
1/5/2023 21:00,538.86
1/5/2023 21:30,526.89
1/5/2023 22:00,514.93
1/5/2023 22:30,464.67
1/5/2023 23:00,476.72
1/5/2023 23:30,488.77
1/6/2023 0:00,329.89
1/6/2023 0:30,158
1/6/2023 1:00,84.46
1/6/2023 1:30,72.38
1/6/2023 2:00,73.35
1/6/2023 2:30,74.88
1/6/2023 3:00,68.31
1/6/2023 3:30,67.75
1/6/2023 4:00,71.35
1/6/2023 4:30,68.47
1/6/2023 5:00,63.33
1/6/2023 5:30,67.13
1/6/2023 6:00,63.79
1/6/2023 6:30,56.17
1/6/2023 7:00,192.11
1/6/2023 7:30,688.06
1/6/2023 8:00,731.36
1/6/2023 8:30,774.65
1/6/2023 9:00,817.94
1/6/2023 9:30,861.24
1/6/2023 10:00,816.89
1/6/2023 10:30,851.64
1/6/2023 11:00,886.38
1/6/2023 11:30,892.06
1/6/2023 12:00,732.57
1/6/2023 12:30,780.24
1/6/2023 13:00,827.92
1/6/2023 13:30,875.6
1/6/2023 14:00,874.2
1/6/2023 14:30,872.79
1/6/2023 15:00,850.56
1/6/2023 15:30,869.05
1/6/2023 16:00,698.86
1/6/2023 16:30,665.11
1/6/2023 17:00,668.68
1/6/2023 17:30,629.89
1/6/2023 18:00,615.26
1/6/2023 18:30,525.83
1/6/2023 19:00,470.49
1/6/2023 19:30,581.63
1/6/2023 20:00,560.67
1/6/2023 20:30,542.81
1/6/2023 21:00,556.38
1/6/2023 21:30,549.4
1/6/2023 22:00,523.3
1/6/2023 22:30,484.22
1/6/2023 23:00,482.22
1/6/2023 23:30,397.23
1/7/2023 0:00,294.82
1/7/2023 0:30,154.85
1/7/2023 1:00,88.82
1/7/2023 1:30,82.36
1/7/2023 2:00,88.83
1/7/2023 2:30,85.38
1/7/2023 3:00,82.86
1/7/2023 3:30,91.54
1/7/2023 4:00,83.65
1/7/2023 4:30,85.24
1/7/2023 5:00,88.21
1/7/2023 5:30,82.25
1/7/2023 6:00,76.95
1/7/2023 6:30,116.16
1/7/2023 7:00,180.99
1/7/2023 7:30,687.79
1/7/2023 8:00,805.74
1/7/2023 8:30,857.21
1/7/2023 9:00,853.35
1/7/2023 9:30,851.58
1/7/2023 10:00,826.81
1/7/2023 10:30,877.74
1/7/2023 11:00,884.81
1/7/2023 11:30,891.87
1/7/2023 12:00,738.74
1/7/2023 12:30,716.31
1/7/2023 13:00,803.37
1/7/2023 13:30,890.43
1/7/2023 14:00,898.23
1/7/2023 14:30,850.95
1/7/2023 15:00,868.98
1/7/2023 15:30,844.27
1/7/2023 16:00,683.03
1/7/2023 16:30,659.12
1/7/2023 17:00,684.27
1/7/2023 17:30,656.48
1/7/2023 18:00,654.76
1/7/2023 18:30,582.1
1/7/2023 19:00,538.15
1/7/2023 19:30,590.76
1/7/2023 20:00,618.63
1/7/2023 20:30,634.52
1/7/2023 21:00,686.39
1/7/2023 21:30,645.94
1/7/2023 22:00,621.58
1/7/2023 22:30,574.69
1/7/2023 23:00,644.97
1/7/2023 23:30,581.93
1/8/2023 0:00,434.61
1/8/2023 0:30,198.38
1/8/2023 1:00,90.82
1/8/2023 1:30,87.72
1/8/2023 2:00,88.84
1/8/2023 2:30,79.31
1/8/2023 3:00,85.33
1/8/2023 3:30,84.05
1/8/2023 4:00,85.58
1/8/2023 4:30,88.91
1/8/2023 5:00,80.79
1/8/2023 5:30,70.4
1/8/2023 6:00,74.33
1/8/2023 6:30,81.96
1/8/2023 7:00,182.2
1/8/2023 7:30,429.87
1/8/2023 8:00,538.57
1/8/2023 8:30,556.86
1/8/2023 9:00,564.43
1/8/2023 9:30,529.95
1/8/2023 10:00,495.46
1/8/2023 10:30,517.18
1/8/2023 11:00,538.9
1/8/2023 11:30,521.97
1/8/2023 12:00,427.41
1/8/2023 12:30,422.25
1/8/2023 13:00,481.78
1/8/2023 13:30,520.5
1/8/2023 14:00,521.79
1/8/2023 14:30,573.9
1/8/2023 15:00,640.15
1/8/2023 15:30,652.79
1/8/2023 16:00,665.42
1/8/2023 16:30,676.83
1/8/2023 17:00,740.6
1/8/2023 17:30,759.17
1/8/2023 18:00,682.81
1/8/2023 18:30,617.71
1/8/2023 19:00,565.77
1/8/2023 19:30,612.21
1/8/2023 20:00,640.88
1/8/2023 20:30,652.46
1/8/2023 21:00,613.98
1/8/2023 21:30,592.51
1/8/2023 22:00,566.24
1/8/2023 22:30,514.39
1/8/2023 23:00,588.15
1/8/2023 23:30,558.39
1/9/2023 0:00,345.39
1/9/2023 0:30,172.32
1/9/2023 1:00,122.16
1/9/2023 1:30,120.2
1/9/2023 2:00,116.99
1/9/2023 2:30,111.83
1/9/2023 3:00,106.25
1/9/2023 3:30,117.41
1/9/2023 4:00,106.47
1/9/2023 4:30,102.66
1/9/2023 5:00,98.99
1/9/2023 5:30,93.33
1/9/2023 6:00,96.3
1/9/2023 6:30,103.54
1/9/2023 7:00,120.01
1/9/2023 7:30,123.63
1/9/2023 8:00,149.71
1/9/2023 8:30,155.94
1/9/2023 9:00,152.81
1/9/2023 9:30,163.53
1/9/2023 10:00,109.11
1/9/2023 10:30,131.98
1/9/2023 11:00,135.27
1/9/2023 11:30,112.52
1/9/2023 12:00,109.87
1/9/2023 12:30,104.86
1/9/2023 13:00,101.81
1/9/2023 13:30,115.88
1/9/2023 14:00,122.39
1/9/2023 14:30,158.36
1/9/2023 15:00,223.74
1/9/2023 15:30,227.45
1/9/2023 16:00,229.88
1/9/2023 16:30,239.08
1/9/2023 17:00,177.6
1/9/2023 17:30,116.12
1/9/2023 18:00,279.98
1/9/2023 18:30,285.96
1/9/2023 19:00,270.05
1/9/2023 19:30,272.18
1/9/2023 20:00,275.55
1/9/2023 20:30,277.94
1/9/2023 21:00,271.55
1/9/2023 21:30,274.22
1/9/2023 22:00,267.96
1/9/2023 22:30,260.19
1/9/2023 23:00,266.47
1/9/2023 23:30,211.91
1/10/2023 0:00,208.17
1/10/2023 0:30,99.67
1/10/2023 1:00,40.21
1/10/2023 1:30,40.48
1/10/2023 2:00,44.08
1/10/2023 2:30,37.71
1/10/2023 3:00,37.95
1/10/2023 3:30,39.23
1/10/2023 4:00,40.51
1/10/2023 4:30,36.8
1/10/2023 5:00,37.91
1/10/2023 5:30,38.72
1/10/2023 6:00,38.65
1/10/2023 6:30,66.87
1/10/2023 7:00,95.09
1/10/2023 7:30,101.01
1/10/2023 8:00,118.47
1/10/2023 8:30,128.38
1/10/2023 9:00,136.73
1/10/2023 9:30,123.48
1/10/2023 10:00,127.47
1/10/2023 10:30,130.99
1/10/2023 11:00,130.46
1/10/2023 11:30,123.18
1/10/2023 12:00,124
1/10/2023 12:30,113.78
1/10/2023 13:00,117.98
1/10/2023 13:30,137.5
1/10/2023 14:00,133.33
1/10/2023 14:30,132.08
1/10/2023 15:00,130.19
1/10/2023 15:30,132.3
1/10/2023 16:00,118.9
1/10/2023 16:30,100.2
1/10/2023 17:00,105.76
1/10/2023 17:30,101.66
1/10/2023 18:00,107.45
1/10/2023 18:30,122.71
1/10/2023 19:00,117.75
1/10/2023 19:30,116.98
1/10/2023 20:00,121.49
1/10/2023 20:30,124.97
1/10/2023 21:00,127.03
1/10/2023 21:30,129.1
1/10/2023 22:00,132.55
1/10/2023 22:30,128.49
1/10/2023 23:00,127.45
1/10/2023 23:30,129.3
1/11/2023 0:00,122.73
1/11/2023 0:30,121.48
1/11/2023 1:00,128.02
1/11/2023 1:30,124.28
1/11/2023 2:00,121.64
1/11/2023 2:30,126.3
1/11/2023 3:00,120.32
1/11/2023 3:30,121.4
1/11/2023 4:00,121.57
1/11/2023 4:30,126.45
1/11/2023 5:00,124.47
1/11/2023 5:30,124.52
1/11/2023 6:00,136.41
1/11/2023 6:30,138.11
1/11/2023 7:00,202.06
1/11/2023 7:30,709.17
1/11/2023 8:00,843.88
1/11/2023 8:30,872.73
1/11/2023 9:00,877.34
1/11/2023 9:30,869.55
1/11/2023 10:00,823.54
1/11/2023 10:30,883.4
1/11/2023 11:00,905.22
1/11/2023 11:30,898.35
1/11/2023 12:00,754.24
1/11/2023 12:30,802.47
1/11/2023 13:00,850.7
1/11/2023 13:30,911.59
1/11/2023 14:00,911.36
1/11/2023 14:30,888.99
1/11/2023 15:00,866.62
1/11/2023 15:30,844.25
1/11/2023 16:00,715.21
1/11/2023 16:30,594.78
1/11/2023 17:00,705.38
1/11/2023 17:30,654.63
1/11/2023 18:00,649.38
1/11/2023 18:30,591.25
1/11/2023 19:00,553.54
1/11/2023 19:30,550.59
1/11/2023 20:00,591.22
1/11/2023 20:30,580.14
1/11/2023 21:00,587.32
1/11/2023 21:30,597.08
1/11/2023 22:00,580.03
1/11/2023 22:30,547.29
1/11/2023 23:00,593.55
1/11/2023 23:30,520.5
1/12/2023 0:00,447.46
1/12/2023 0:30,162.66
1/12/2023 1:00,162.21
1/12/2023 1:30,135.51
1/12/2023 2:00,113.32
1/12/2023 2:30,105.63
1/12/2023 3:00,100.2
1/12/2023 3:30,100.21
1/12/2023 4:00,110.55
1/12/2023 4:30,105.48
1/12/2023 5:00,99.95
1/12/2023 5:30,107.97
1/12/2023 6:00,102.16
1/12/2023 6:30,157.05
1/12/2023 7:00,245.91
1/12/2023 7:30,718.93
1/12/2023 8:00,827.08
1/12/2023 8:30,894.45
1/12/2023 9:00,894.43
1/12/2023 9:30,884.13
1/12/2023 10:00,850.3
1/12/2023 10:30,907.47
1/12/2023 11:00,922.67
1/12/2023 11:30,917.03
1/12/2023 12:00,758.89
1/12/2023 12:30,735.37
1/12/2023 13:00,873.98
1/12/2023 13:30,907.04
1/12/2023 14:00,907.36
1/12/2023 14:30,894.28
1/12/2023 15:00,898.43
1/12/2023 15:30,891.76
1/12/2023 16:00,766.31
1/12/2023 16:30,672.01
1/12/2023 17:00,722.11
1/12/2023 17:30,657.34
1/12/2023 18:00,632.02
1/12/2023 18:30,562.88
1/12/2023 19:00,523.72
1/12/2023 19:30,535.63
1/12/2023 20:00,577.71
1/12/2023 20:30,607.51
1/12/2023 21:00,623.63
1/12/2023 21:30,624.28
1/12/2023 22:00,595.83
1/12/2023 22:30,531.22
1/12/2023 23:00,556.1
1/12/2023 23:30,438.78
1/13/2023 0:00,340.98
1/13/2023 0:30,153.05
1/13/2023 1:00,151.86
1/13/2023 1:30,151.47
1/13/2023 2:00,152.67
1/13/2023 2:30,131.44
1/13/2023 3:00,126.56
1/13/2023 3:30,135.5
1/13/2023 4:00,153.34
1/13/2023 4:30,139.56
1/13/2023 5:00,127.38
1/13/2023 5:30,123.78
1/13/2023 6:00,138.99
1/13/2023 6:30,148.12
1/13/2023 7:00,196.83
1/13/2023 7:30,704.57
1/13/2023 8:00,820.8
1/13/2023 8:30,868.11
1/13/2023 9:00,888.08
1/13/2023 9:30,873.51
1/13/2023 10:00,840.57
1/13/2023 10:30,900.04
1/13/2023 11:00,886.41
1/13/2023 11:30,902.33
1/13/2023 12:00,751.11
1/13/2023 12:30,719.16
1/13/2023 13:00,859.22
1/13/2023 13:30,919.37
1/13/2023 14:00,902.13
1/13/2023 14:30,872.86
1/13/2023 15:00,871.29
1/13/2023 15:30,873.98
1/13/2023 16:00,757.11
1/13/2023 16:30,747.45
1/13/2023 17:00,825.48
1/13/2023 17:30,797.7
1/13/2023 18:00,781.48
1/13/2023 18:30,706.81
1/13/2023 19:00,659
1/13/2023 19:30,699.37
1/13/2023 20:00,747.42
1/13/2023 20:30,749.08
1/13/2023 21:00,751.24
1/13/2023 21:30,747.24
1/13/2023 22:00,702.76
1/13/2023 22:30,572.58
1/13/2023 23:00,626.75
1/13/2023 23:30,496.97
1/14/2023 0:00,372.52
1/14/2023 0:30,164.58
1/14/2023 1:00,112.08
1/14/2023 1:30,110.87
1/14/2023 2:00,120.75
1/14/2023 2:30,101.69
1/14/2023 3:00,108.23
1/14/2023 3:30,121.26
1/14/2023 4:00,111.56
1/14/2023 4:30,110.57
1/14/2023 5:00,104.82
1/14/2023 5:30,99.15
1/14/2023 6:00,96.52
1/14/2023 6:30,164.11
1/14/2023 7:00,209.02
1/14/2023 7:30,712.88
1/14/2023 8:00,832.09
1/14/2023 8:30,888.88
1/14/2023 9:00,911.31
1/14/2023 9:30,905.77
1/14/2023 10:00,856.05
1/14/2023 10:30,921.38
1/14/2023 11:00,901.58
1/14/2023 11:30,876.95
1/14/2023 12:00,746.32
1/14/2023 12:30,670.44
1/14/2023 13:00,817.76
1/14/2023 13:30,879.66
1/14/2023 14:00,865.41
1/14/2023 14:30,845.24
1/14/2023 15:00,837.4
1/14/2023 15:30,832.72
1/14/2023 16:00,721.51
1/14/2023 16:30,698.14
1/14/2023 17:00,740.65
1/14/2023 17:30,711.55
1/14/2023 18:00,708.58
1/14/2023 18:30,667.24
1/14/2023 19:00,600.78
1/14/2023 19:30,647.7
1/14/2023 20:00,705.82
1/14/2023 20:30,719.5
1/14/2023 21:00,714.37
1/14/2023 21:30,686.76
1/14/2023 22:00,658.53
1/14/2023 22:30,644.48
1/14/2023 23:00,639.95
1/14/2023 23:30,566.34
1/15/2023 0:00,411.45
1/15/2023 0:30,148.32
1/15/2023 1:00,162.73
1/15/2023 1:30,128.26
1/15/2023 2:00,126.37
1/15/2023 2:30,121.3
1/15/2023 3:00,93.85
1/15/2023 3:30,107.57
1/15/2023 4:00,121.3
1/15/2023 4:30,126.86
1/15/2023 5:00,111.94
1/15/2023 5:30,123.16
1/15/2023 6:00,124.99
1/15/2023 6:30,120.21
1/15/2023 7:00,227.69
1/15/2023 7:30,624.79
1/15/2023 8:00,741.24
1/15/2023 8:30,781.65
1/15/2023 9:00,815.97
1/15/2023 9:30,794.93
1/15/2023 10:00,754.71
1/15/2023 10:30,801.82
1/15/2023 11:00,808.12
1/15/2023 11:30,810.59
1/15/2023 12:00,634.84
1/15/2023 12:30,603.62
1/15/2023 13:00,698.76
1/15/2023 13:30,760.53
1/15/2023 14:00,752.39
1/15/2023 14:30,753.12
1/15/2023 15:00,747.13
1/15/2023 15:30,793.09
1/15/2023 16:00,697.06
1/15/2023 16:30,654.69
1/15/2023 17:00,758.82
1/15/2023 17:30,758.46
1/15/2023 18:00,799.09
1/15/2023 18:30,728.69
1/15/2023 19:00,658.5
1/15/2023 19:30,683.86
1/15/2023 20:00,694.3
1/15/2023 20:30,700
1/15/2023 21:00,692.62
1/15/2023 21:30,677.17
1/15/2023 22:00,648.73
1/15/2023 22:30,618.92
1/15/2023 23:00,659.79
1/15/2023 23:30,627.89
1/16/2023 0:00,454.69
1/16/2023 0:30,166.71
1/16/2023 1:00,188.71
1/16/2023 1:30,138.98
1/16/2023 2:00,137.08
1/16/2023 2:30,119.88
1/16/2023 3:00,103.55
1/16/2023 3:30,119.79
1/16/2023 4:00,138.58
1/16/2023 4:30,141.03
1/16/2023 5:00,106.32
1/16/2023 5:30,120.86
1/16/2023 6:00,122.46
1/16/2023 6:30,112.53
1/16/2023 7:00,229.96
1/16/2023 7:30,522.77
1/16/2023 8:00,589.4
1/16/2023 8:30,608.53
1/16/2023 9:00,605.27
1/16/2023 9:30,558.28
1/16/2023 10:00,542.26
1/16/2023 10:30,597.19
1/16/2023 11:00,626.2
1/16/2023 11:30,616.64
1/16/2023 12:00,519.79
1/16/2023 12:30,500.9
1/16/2023 13:00,585.5
1/16/2023 13:30,616.14
1/16/2023 14:00,620.85
1/16/2023 14:30,605.67
1/16/2023 15:00,599.99
1/16/2023 15:30,612.68
1/16/2023 16:00,543.63
1/16/2023 16:30,495.3
1/16/2023 17:00,587.87
1/16/2023 17:30,643.68
1/16/2023 18:00,622.14
1/16/2023 18:30,576.38
1/16/2023 19:00,539.3
1/16/2023 19:30,585.76
1/16/2023 20:00,614.66
1/16/2023 20:30,609.94
1/16/2023 21:00,591.82
1/16/2023 21:30,586.8
1/16/2023 22:00,519.95
1/16/2023 22:30,471.37
1/16/2023 23:00,487.53
1/16/2023 23:30,408.77
1/17/2023 0:00,275.03
1/17/2023 0:30,134.53
1/17/2023 1:00,120.11
1/17/2023 1:30,125.86
1/17/2023 2:00,109.18
1/17/2023 2:30,103.99
1/17/2023 3:00,103.23
1/17/2023 3:30,103.62
1/17/2023 4:00,110.2
1/17/2023 4:30,112.33
1/17/2023 5:00,96.2
1/17/2023 5:30,108.15
1/17/2023 6:00,117.7
1/17/2023 6:30,103.99
1/17/2023 7:00,120.75
1/17/2023 7:30,160.28
1/17/2023 8:00,233.83
1/17/2023 8:30,239.41
1/17/2023 9:00,248.76
1/17/2023 9:30,239.9
1/17/2023 10:00,235.1
1/17/2023 10:30,256.1
1/17/2023 11:00,247.64
1/17/2023 11:30,252.97
1/17/2023 12:00,238.84
1/17/2023 12:30,235.08
1/17/2023 13:00,250.59
1/17/2023 13:30,266.09
1/17/2023 14:00,259.28
1/17/2023 14:30,259.76
1/17/2023 15:00,257.14
1/17/2023 15:30,340.75
1/17/2023 16:00,320.46
1/17/2023 16:30,308
1/17/2023 17:00,295.54
1/17/2023 17:30,288.95
1/17/2023 18:00,287.05
1/17/2023 18:30,286.08
1/17/2023 19:00,278.28
1/17/2023 19:30,282.94
1/17/2023 20:00,294.93
1/17/2023 20:30,288.62
1/17/2023 21:00,287.17
1/17/2023 21:30,299.1
1/17/2023 22:00,266.91
1/17/2023 22:30,268.85
1/17/2023 23:00,272.68
1/17/2023 23:30,131.14
1/18/2023 0:00,110.98
1/18/2023 0:30,94.28
1/18/2023 1:00,77.58
1/18/2023 1:30,77.22
1/18/2023 2:00,83.21
1/18/2023 2:30,75.43
1/18/2023 3:00,74.03
1/18/2023 3:30,80.41
1/18/2023 4:00,73.45
1/18/2023 4:30,73.03
1/18/2023 5:00,77.3
1/18/2023 5:30,73.64
1/18/2023 6:00,74.44
1/18/2023 6:30,116.89
1/18/2023 7:00,216.52
1/18/2023 7:30,689.55
1/18/2023 8:00,786.06
1/18/2023 8:30,867.23
1/18/2023 9:00,849.12
1/18/2023 9:30,814.97
1/18/2023 10:00,776.68
1/18/2023 10:30,853.2
1/18/2023 11:00,847.32
1/18/2023 11:30,914.45
1/18/2023 12:00,772.4
1/18/2023 12:30,739.71
1/18/2023 13:00,867.96
1/18/2023 13:30,894.64
1/18/2023 14:00,891.24
1/18/2023 14:30,887.85
1/18/2023 15:00,872.87
1/18/2023 15:30,890.38
1/18/2023 16:00,757.56
1/18/2023 16:30,689.1
1/18/2023 17:00,763.06
1/18/2023 17:30,729
1/18/2023 18:00,637.86
1/18/2023 18:30,608.15
1/18/2023 19:00,513.37
1/18/2023 19:30,540.28
1/18/2023 20:00,598.9
1/18/2023 20:30,624.14
1/18/2023 21:00,623.67
1/18/2023 21:30,626.72
1/18/2023 22:00,600.01
1/18/2023 22:30,551.06
1/18/2023 23:00,560.54
1/18/2023 23:30,539.58
1/19/2023 0:00,331.07
1/19/2023 0:30,200.98
1/19/2023 1:00,174.64
1/19/2023 1:30,213.17
1/19/2023 2:00,208.74
1/19/2023 2:30,205.25
1/19/2023 3:00,201.77
1/19/2023 3:30,200.59
1/19/2023 4:00,200.09
1/19/2023 4:30,201.07
1/19/2023 5:00,197.46
1/19/2023 5:30,192.77
1/19/2023 6:00,192.71
1/19/2023 6:30,202.8
1/19/2023 7:00,297.14
1/19/2023 7:30,690.65
1/19/2023 8:00,839.35
1/19/2023 8:30,848.8
1/19/2023 9:00,867.9
1/19/2023 9:30,845.47
1/19/2023 10:00,828.91
1/19/2023 10:30,872.13
1/19/2023 11:00,877.39
1/19/2023 11:30,881.43
1/19/2023 12:00,757.37
1/19/2023 12:30,707.75
1/19/2023 13:00,857.07
1/19/2023 13:30,878.83
1/19/2023 14:00,900.58
1/19/2023 14:30,860.26
1/19/2023 15:00,870.12
1/19/2023 15:30,862.55
1/19/2023 16:00,754.28
1/19/2023 16:30,714.66
1/19/2023 17:00,753
1/19/2023 17:30,689.63
1/19/2023 18:00,677.21
1/19/2023 18:30,595.01
1/19/2023 19:00,541.03
1/19/2023 19:30,573.62
1/19/2023 20:00,605.5
1/19/2023 20:30,635.99
1/19/2023 21:00,644.57
1/19/2023 21:30,639.27
1/19/2023 22:00,639.47
1/19/2023 22:30,586.27
1/19/2023 23:00,640.05
1/19/2023 23:30,568.95
1/20/2023 0:00,465.67
1/20/2023 0:30,211.38
1/20/2023 1:00,192.09
1/20/2023 1:30,179.74
1/20/2023 2:00,188.64
1/20/2023 2:30,172.72
1/20/2023 3:00,148.06
1/20/2023 3:30,170.08
1/20/2023 4:00,185.12
1/20/2023 4:30,194.04
1/20/2023 5:00,164.41
1/20/2023 5:30,182.25
1/20/2023 6:00,176.65
1/20/2023 6:30,195
1/20/2023 7:00,271.66
1/20/2023 7:30,725.07
1/20/2023 8:00,812
1/20/2023 8:30,872.73
1/20/2023 9:00,907.52
1/20/2023 9:30,877.79
1/20/2023 10:00,850.66
1/20/2023 10:30,917.1
1/20/2023 11:00,913.96
1/20/2023 11:30,918.1
1/20/2023 12:00,769.45
1/20/2023 12:30,722.09
1/20/2023 13:00,864.8
1/20/2023 13:30,913.55
1/20/2023 14:00,911.62
1/20/2023 14:30,898.88
1/20/2023 15:00,888.27
1/20/2023 15:30,889.21
1/20/2023 16:00,761.88
1/20/2023 16:30,772.36
1/20/2023 17:00,782.84
1/20/2023 17:30,708.96
1/20/2023 18:00,650.27
1/20/2023 18:30,604.5
1/20/2023 19:00,527.07
1/20/2023 19:30,586.19
1/20/2023 20:00,638.19
1/20/2023 20:30,656.52
1/20/2023 21:00,645.61
1/20/2023 21:30,652.62
1/20/2023 22:00,626.64
1/20/2023 22:30,602.59
1/20/2023 23:00,625.96
1/20/2023 23:30,560.82
1/21/2023 0:00,391.56
1/21/2023 0:30,195.53
1/21/2023 1:00,190.22
1/21/2023 1:30,184.9
1/21/2023 2:00,188.81
1/21/2023 2:30,181.75
1/21/2023 3:00,171.39
1/21/2023 3:30,188.58
1/21/2023 4:00,192.17
1/21/2023 4:30,184.98
1/21/2023 5:00,197.57
1/21/2023 5:30,172.23
1/21/2023 6:00,172.87
1/21/2023 6:30,191.35
1/21/2023 7:00,279.61
1/21/2023 7:30,698.84
1/21/2023 8:00,783.94
1/21/2023 8:30,869.03
1/21/2023 9:00,879.92
1/21/2023 9:30,879.29
1/21/2023 10:00,842.24
1/21/2023 10:30,896.71
1/21/2023 11:00,896.5
1/21/2023 11:30,897.04
1/21/2023 12:00,754.53
1/21/2023 12:30,675.94
1/21/2023 13:00,817.06
1/21/2023 13:30,861.57
1/21/2023 14:00,842.75
1/21/2023 14:30,861.85
1/21/2023 15:00,853.58
1/21/2023 15:30,813.71
1/21/2023 16:00,690.14
1/21/2023 16:30,653.42
1/21/2023 17:00,703.08
1/21/2023 17:30,716.73
1/21/2023 18:00,706.93
1/21/2023 18:30,663.03
1/21/2023 19:00,595.04
1/21/2023 19:30,643.22
1/21/2023 20:00,667.56
1/21/2023 20:30,714.09
1/21/2023 21:00,701.86
1/21/2023 21:30,690.71
1/21/2023 22:00,684.54
1/21/2023 22:30,640.26
1/21/2023 23:00,668.45
1/21/2023 23:30,604.23
1/22/2023 0:00,412.3
1/22/2023 0:30,222.23
1/22/2023 1:00,194.28
1/22/2023 1:30,176.9
1/22/2023 2:00,180.79
1/22/2023 2:30,163.3
1/22/2023 3:00,157.17
1/22/2023 3:30,174.72
1/22/2023 4:00,168.82
1/22/2023 4:30,176.59
1/22/2023 5:00,173.23
1/22/2023 5:30,179.13
1/22/2023 6:00,179.54
1/22/2023 6:30,170.75
1/22/2023 7:00,260.06
1/22/2023 7:30,677.48
1/22/2023 8:00,791.77
1/22/2023 8:30,852.92
1/22/2023 9:00,852.32
1/22/2023 9:30,830.36
1/22/2023 10:00,784.59
1/22/2023 10:30,851.51
1/22/2023 11:00,819.01
1/22/2023 11:30,810.28
1/22/2023 12:00,649.31
1/22/2023 12:30,633
1/22/2023 13:00,702.22
1/22/2023 13:30,775.21
1/22/2023 14:00,795.76
1/22/2023 14:30,816.32
1/22/2023 15:00,836.88
1/22/2023 15:30,794.47
1/22/2023 16:00,735.29
1/22/2023 16:30,723.29
1/22/2023 17:00,739.27
1/22/2023 17:30,755.24
1/22/2023 18:00,771.22
1/22/2023 18:30,641.23
1/22/2023 19:00,647.96
1/22/2023 19:30,654.7
1/22/2023 20:00,661.44
1/22/2023 20:30,668.18
1/22/2023 21:00,674.68
1/22/2023 21:30,646.97
1/22/2023 22:00,619.26
1/22/2023 22:30,591.55
1/22/2023 23:00,629.62
1/22/2023 23:30,561.36
1/23/2023 0:00,417.9
1/23/2023 0:30,221.21
1/23/2023 1:00,217.34
1/23/2023 1:30,205.45
1/23/2023 2:00,186.95
1/23/2023 2:30,181.67
1/23/2023 3:00,176.39
1/23/2023 3:30,185.72
1/23/2023 4:00,195.24
1/23/2023 4:30,188.15
1/23/2023 5:00,182.1
1/23/2023 5:30,184
1/23/2023 6:00,185.91
1/23/2023 6:30,184
1/23/2023 7:00,223.13
1/23/2023 7:30,368.02
1/23/2023 8:00,512.91
1/23/2023 8:30,520.21
1/23/2023 9:00,548.07
1/23/2023 9:30,529.47
1/23/2023 10:00,510.87
1/23/2023 10:30,571.37
1/23/2023 11:00,573.73
1/23/2023 11:30,563.63
1/23/2023 12:00,553.53
1/23/2023 12:30,543.43
1/23/2023 13:00,533.33
1/23/2023 13:30,563.71
1/23/2023 14:00,566.37
1/23/2023 14:30,553.25
1/23/2023 15:00,541.57
1/23/2023 15:30,529.89
1/23/2023 16:00,470.93
1/23/2023 16:30,442.89
1/23/2023 17:00,652.86
1/23/2023 17:30,665.93
1/23/2023 18:00,659.62
1/23/2023 18:30,619.93
1/23/2023 19:00,590.16
1/23/2023 19:30,595.88
1/23/2023 20:00,538.26
1/23/2023 20:30,539.85
1/23/2023 21:00,520.38
1/23/2023 21:30,520.4
1/23/2023 22:00,520.42
1/23/2023 22:30,479.28
1/23/2023 23:00,445.05
1/23/2023 23:30,410.82
1/24/2023 0:00,280.7
1/24/2023 0:30,183.05
1/24/2023 1:00,85.4
1/24/2023 1:30,73.7
1/24/2023 2:00,73.44
1/24/2023 2:30,77.76
1/24/2023 3:00,71.32
1/24/2023 3:30,73.86
1/24/2023 4:00,80
1/24/2023 4:30,72.98
1/24/2023 5:00,76.91
1/24/2023 5:30,82.01
1/24/2023 6:00,73.26
1/24/2023 6:30,73.45
1/24/2023 7:00,102.63
1/24/2023 7:30,82.77
1/24/2023 8:00,134.71
1/24/2023 8:30,152.51
1/24/2023 9:00,155.46
1/24/2023 9:30,156.2
1/24/2023 10:00,163.61
1/24/2023 10:30,162.42
1/24/2023 11:00,156.86
1/24/2023 11:30,151.65
1/24/2023 12:00,146.45
1/24/2023 12:30,143.79
1/24/2023 13:00,160.42
1/24/2023 13:30,152.6
1/24/2023 14:00,157.51
1/24/2023 14:30,173.12
1/24/2023 15:00,161.83
1/24/2023 15:30,201.4
1/24/2023 16:00,240.97
1/24/2023 16:30,249.11
1/24/2023 17:00,257.25
1/24/2023 17:30,264.11
1/24/2023 18:00,274.37
1/24/2023 18:30,258.17
1/24/2023 19:00,241.96
1/24/2023 19:30,239.15
1/24/2023 20:00,235.1
1/24/2023 20:30,240.74
1/24/2023 21:00,244.24
1/24/2023 21:30,247.75
1/24/2023 22:00,243.82
1/24/2023 22:30,231.86
1/24/2023 23:00,191.35
1/24/2023 23:30,187.51
1/25/2023 0:00,163.24
1/25/2023 0:30,86.81
1/25/2023 1:00,63.14
1/25/2023 1:30,61.12
1/25/2023 2:00,59.09
1/25/2023 2:30,50.83
1/25/2023 3:00,53.29
1/25/2023 3:30,55.76
1/25/2023 4:00,52.51
1/25/2023 4:30,49.26
1/25/2023 5:00,51.37
1/25/2023 5:30,52.03
1/25/2023 6:00,52.73
1/25/2023 6:30,140.64
1/25/2023 7:00,423.21
1/25/2023 7:30,705.78
1/25/2023 8:00,769.28
1/25/2023 8:30,832.77
1/25/2023 9:00,882.25
1/25/2023 9:30,878.22
1/25/2023 10:00,853.05
1/25/2023 10:30,912.18
1/25/2023 11:00,886.96
1/25/2023 11:30,861.74
1/25/2023 12:00,764.61
1/25/2023 12:30,667.49
1/25/2023 13:00,787.94
1/25/2023 13:30,815.54
1/25/2023 14:00,821.7
1/25/2023 14:30,808.84
1/25/2023 15:00,812.62
1/25/2023 15:30,823.2
1/25/2023 16:00,710.29
1/25/2023 16:30,657.16
1/25/2023 17:00,754.25
1/25/2023 17:30,729
1/25/2023 18:00,751.52
1/25/2023 18:30,701.86
1/25/2023 19:00,623.96
1/25/2023 19:30,643.12
1/25/2023 20:00,666.54
1/25/2023 20:30,689.96
1/25/2023 21:00,693.99
1/25/2023 21:30,695.72
1/25/2023 22:00,659.62
1/25/2023 22:30,619.41
1/25/2023 23:00,594.06
1/25/2023 23:30,568.72
1/26/2023 0:00,423.04
1/26/2023 0:30,201.84
1/26/2023 1:00,198.58
1/26/2023 1:30,195.32
1/26/2023 2:00,188.37
1/26/2023 2:30,168.07
1/26/2023 3:00,172.23
1/26/2023 3:30,184.78
1/26/2023 4:00,197.5
1/26/2023 4:30,190.43
1/26/2023 5:00,183.35
1/26/2023 5:30,179.36
1/26/2023 6:00,201.69
1/26/2023 6:30,192.03
1/26/2023 7:00,294.08
1/26/2023 7:30,750.98
1/26/2023 8:00,840.7
1/26/2023 8:30,898.88
1/26/2023 9:00,897.55
1/26/2023 9:30,901.09
1/26/2023 10:00,864.75
1/26/2023 10:30,873.28
1/26/2023 11:00,859.24
1/26/2023 11:30,862.54
1/26/2023 12:00,720
1/26/2023 12:30,684.31
1/26/2023 13:00,760.25
1/26/2023 13:30,836.19
1/26/2023 14:00,838.7
1/26/2023 14:30,806.69
1/26/2023 15:00,825.66
1/26/2023 15:30,844.64
1/26/2023 16:00,771.84
1/26/2023 16:30,699.03
1/26/2023 17:00,772.2
1/26/2023 17:30,774.33
1/26/2023 18:00,753.76
1/26/2023 18:30,639.23
1/26/2023 19:00,524.7
1/26/2023 19:30,576.42
1/26/2023 20:00,606.74
1/26/2023 20:30,634.24
1/26/2023 21:00,622.3
1/26/2023 21:30,613.46
1/26/2023 22:00,618.29
1/26/2023 22:30,585.84
1/26/2023 23:00,594.87
1/26/2023 23:30,542.09
1/27/2023 0:00,426.06
1/27/2023 0:30,190.11
1/27/2023 1:00,183.33
1/27/2023 1:30,201.46
1/27/2023 2:00,205.04
1/27/2023 2:30,199.84
1/27/2023 3:00,173.01
1/27/2023 3:30,188.79
1/27/2023 4:00,198.45
1/27/2023 4:30,189.04
1/27/2023 5:00,177.29
1/27/2023 5:30,187.22
1/27/2023 6:00,187.37
1/27/2023 6:30,187.51
1/27/2023 7:00,275.09
1/27/2023 7:30,734.53
1/27/2023 8:00,834.86
1/27/2023 8:30,884.45
1/27/2023 9:00,911.99
1/27/2023 9:30,896.88
1/27/2023 10:00,885.55
1/27/2023 10:30,879.33
1/27/2023 11:00,882.44
1/27/2023 11:30,846.08
1/27/2023 12:00,704.63
1/27/2023 12:30,767.48
1/27/2023 13:00,830.34
1/27/2023 13:30,847.59
1/27/2023 14:00,851.36
1/27/2023 14:30,842.73
1/27/2023 15:00,816.28
1/27/2023 15:30,806.37
1/27/2023 16:00,696
1/27/2023 16:30,685.92
1/27/2023 17:00,733.39
1/27/2023 17:30,695.01
1/27/2023 18:00,718.6
1/27/2023 18:30,660.91
1/27/2023 19:00,592.04
1/27/2023 19:30,651.86
1/27/2023 20:00,665.84
1/27/2023 20:30,700.29
1/27/2023 21:00,722.49
1/27/2023 21:30,708.14
1/27/2023 22:00,696.15
1/27/2023 22:30,699.37
1/27/2023 23:00,702.59
1/27/2023 23:30,664.51
1/28/2023 0:00,474.92
1/28/2023 0:30,206.85
1/28/2023 1:00,226.61
1/28/2023 1:30,221.91
1/28/2023 2:00,219.8
1/28/2023 2:30,211.98
1/28/2023 3:00,178.69
1/28/2023 3:30,199.78
1/28/2023 4:00,217.87
1/28/2023 4:30,209.09
1/28/2023 5:00,199.37
1/28/2023 5:30,196.24
1/28/2023 6:00,224.35
1/28/2023 6:30,215.6
1/28/2023 7:00,297.16
1/28/2023 7:30,753.66
1/28/2023 8:00,838.66
1/28/2023 8:30,854.19
1/28/2023 9:00,878.83
1/28/2023 9:30,867.77
1/28/2023 10:00,887.79
1/28/2023 10:30,907.81
1/28/2023 11:00,868.13
1/28/2023 11:30,870.69
1/28/2023 12:00,739.36
1/28/2023 12:30,783.67
1/28/2023 13:00,827.97
1/28/2023 13:30,871.84
1/28/2023 14:00,858.18
1/28/2023 14:30,828.58
1/28/2023 15:00,831.02
1/28/2023 15:30,833.47
1/28/2023 16:00,724.46
1/28/2023 16:30,743.37
1/28/2023 17:00,762.28
1/28/2023 17:30,739.72
1/28/2023 18:00,718.64
1/28/2023 18:30,693.89
1/28/2023 19:00,564.32
1/28/2023 19:30,619.39
1/28/2023 20:00,656.02
1/28/2023 20:30,677.56
1/28/2023 21:00,694.29
1/28/2023 21:30,686.9
1/28/2023 22:00,653.04
1/28/2023 22:30,596.52
1/28/2023 23:00,633.94
1/28/2023 23:30,597.84
1/29/2023 0:00,447.21
1/29/2023 0:30,212.77
1/29/2023 1:00,227.88
1/29/2023 1:30,206.86
1/29/2023 2:00,213.31
1/29/2023 2:30,199.6
1/29/2023 3:00,186.1
1/29/2023 3:30,194.87
1/29/2023 4:00,207.23
1/29/2023 4:30,197.56
1/29/2023 5:00,187.9
1/29/2023 5:30,197.74
1/29/2023 6:00,203.64
1/29/2023 6:30,209.53
1/29/2023 7:00,274.59
1/29/2023 7:30,706.71
1/29/2023 8:00,825.71
1/29/2023 8:30,866.65
1/29/2023 9:00,857.75
1/29/2023 9:30,860.59
1/29/2023 10:00,863.42
1/29/2023 10:30,866.26
1/29/2023 11:00,873.08
1/29/2023 11:30,861.26
1/29/2023 12:00,680.77
1/29/2023 12:30,638.44
1/29/2023 13:00,751.08
1/29/2023 13:30,863.72
1/29/2023 14:00,852.52
1/29/2023 14:30,833.01
1/29/2023 15:00,843.91
1/29/2023 15:30,836.58
1/29/2023 16:00,703.17
1/29/2023 16:30,676.53
1/29/2023 17:00,754
1/29/2023 17:30,746.22
1/29/2023 18:00,746.55
1/29/2023 18:30,698.37
1/29/2023 19:00,594.97
1/29/2023 19:30,649.21
1/29/2023 20:00,633.15
1/29/2023 20:30,643.2
1/29/2023 21:00,656.34
1/29/2023 21:30,634.91
1/29/2023 22:00,605.72
1/29/2023 22:30,522.06
1/29/2023 23:00,458.03
1/29/2023 23:30,394
1/30/2023 0:00,344.81
1/30/2023 0:30,194.52
1/30/2023 1:00,200.01
1/30/2023 1:30,197.26
1/30/2023 2:00,199.45
1/30/2023 2:30,188.47
1/30/2023 3:00,183.28
1/30/2023 3:30,194.59
1/30/2023 4:00,193.77
1/30/2023 4:30,194.63
1/30/2023 5:00,187
1/30/2023 5:30,176
1/30/2023 6:00,174.84
1/30/2023 6:30,180.15
1/30/2023 7:00,166.95
1/30/2023 7:30,186.33
1/30/2023 8:00,278.84
1/30/2023 8:30,291.77
1/30/2023 9:00,294.03
1/30/2023 9:30,281.95
1/30/2023 10:00,276.71
1/30/2023 10:30,271.47
1/30/2023 11:00,280.88
1/30/2023 11:30,276.72
1/30/2023 12:00,244.64
1/30/2023 12:30,227.05
1/30/2023 13:00,275.86
1/30/2023 13:30,292.16
1/30/2023 14:00,289.96
1/30/2023 14:30,305.2
1/30/2023 15:00,291.14
1/30/2023 15:30,358.67
1/30/2023 16:00,386.14
1/30/2023 16:30,388.55
1/30/2023 17:00,436.13
1/30/2023 17:30,452.93
1/30/2023 18:00,449.29
1/30/2023 18:30,432.22
1/30/2023 19:00,418.13
1/30/2023 19:30,445.83
1/30/2023 20:00,439.62
1/30/2023 20:30,406.16
1/30/2023 21:00,312.87
1/30/2023 21:30,342.91
1/30/2023 22:00,382.26
1/30/2023 22:30,389.13
1/30/2023 23:00,370.38
1/30/2023 23:30,351.63
1/31/2023 0:00,266.18
1/31/2023 0:30,115.88
1/31/2023 1:00,98.06
1/31/2023 1:30,68.92
1/31/2023 2:00,67.82
1/31/2023 2:30,66.62
1/31/2023 3:00,68.23
1/31/2023 3:30,68.21
1/31/2023 4:00,67.49
1/31/2023 4:30,66.77
1/31/2023 5:00,70.91
1/31/2023 5:30,66.07
1/31/2023 6:00,76.19
1/31/2023 6:30,86.3
1/31/2023 7:00,120.27
1/31/2023 7:30,190.51
1/31/2023 8:00,238.7
1/31/2023 8:30,244.82
1/31/2023 9:00,268.64
1/31/2023 9:30,278.27
1/31/2023 10:00,265.35
1/31/2023 10:30,268.32
1/31/2023 11:00,279.78
1/31/2023 11:30,271.04
1/31/2023 12:00,258.15
1/31/2023 12:30,247.93
1/31/2023 13:00,254.82
1/31/2023 13:30,259.38
1/31/2023 14:00,267.99
1/31/2023 14:30,255.83
1/31/2023 15:00,250.97
1/31/2023 15:30,206.55
1/31/2023 16:00,162.13
1/31/2023 16:30,117.71
1/31/2023 17:00,107.21
1/31/2023 17:30,100.71
1/31/2023 18:00,99.47
1/31/2023 18:30,105.63
1/31/2023 19:00,104.23
1/31/2023 19:30,102.9
1/31/2023 20:00,77.2
1/31/2023 20:30,51.5
1/31/2023 21:00,51.72
1/31/2023 21:30,51.3
1/31/2023 22:00,50.88
1/31/2023 22:30,50.46
1/31/2023 23:00,50.04
1/31/2023 23:30,49.85
2/1/2023 0:00,48.91
2/1/2023 0:30,47.52
2/1/2023 1:00,50.45
2/1/2023 1:30,46.69
2/1/2023 2:00,46.21
2/1/2023 2:30,52.12
2/1/2023 3:00,43.98
2/1/2023 3:30,43.91
2/1/2023 4:00,50.13
2/1/2023 4:30,43.64
2/1/2023 5:00,43.7
2/1/2023 5:30,52.42
2/1/2023 6:00,46.04
2/1/2023 6:30,127.94
2/1/2023 7:00,239.25
2/1/2023 7:30,670.28
2/1/2023 8:00,786.02
2/1/2023 8:30,804.8
2/1/2023 9:00,823.57
2/1/2023 9:30,814.59
2/1/2023 10:00,829.03
2/1/2023 10:30,843.47
2/1/2023 11:00,840.94
2/1/2023 11:30,822.08
2/1/2023 12:00,745.55
2/1/2023 12:30,655.56
2/1/2023 13:00,766.83
2/1/2023 13:30,817.93
2/1/2023 14:00,832.77
2/1/2023 14:30,817.17
2/1/2023 15:00,815.49
2/1/2023 15:30,819.84
2/1/2023 16:00,734.63
2/1/2023 16:30,670.76
2/1/2023 17:00,747.74
2/1/2023 17:30,726.59
2/1/2023 18:00,710.44
2/1/2023 18:30,623.7
2/1/2023 19:00,530.03
2/1/2023 19:30,577.96
2/1/2023 20:00,597.13
2/1/2023 20:30,633.63
2/1/2023 21:00,619.42
2/1/2023 21:30,602.08
2/1/2023 22:00,580.57
2/1/2023 22:30,543.51
2/1/2023 23:00,565.62
2/1/2023 23:30,551.99
2/2/2023 0:00,403.72
2/2/2023 0:30,188.73
2/2/2023 1:00,180.11
2/2/2023 1:30,146.09
2/2/2023 2:00,146.53
2/2/2023 2:30,141.43
2/2/2023 3:00,134.51
2/2/2023 3:30,144.82
2/2/2023 4:00,148.54
2/2/2023 4:30,152.25
2/2/2023 5:00,144.21
2/2/2023 5:30,141.28
2/2/2023 6:00,139.55
2/2/2023 6:30,179.06
2/2/2023 7:00,253.78
2/2/2023 7:30,724.45
2/2/2023 8:00,816.86
2/2/2023 8:30,815.63
2/2/2023 9:00,833.99
2/2/2023 9:30,826.79
2/2/2023 10:00,761.98
2/2/2023 10:30,839.34
2/2/2023 11:00,833.26
2/2/2023 11:30,840.27
2/2/2023 12:00,740.3
2/2/2023 12:30,656.89
2/2/2023 13:00,774.7
2/2/2023 13:30,825.75
2/2/2023 14:00,831.81
2/2/2023 14:30,848.63
2/2/2023 15:00,787.46
2/2/2023 15:30,789
2/2/2023 16:00,694.13
2/2/2023 16:30,630
2/2/2023 17:00,730.25
2/2/2023 17:30,719.31
2/2/2023 18:00,670.33
2/2/2023 18:30,610.63
2/2/2023 19:00,516.8
2/2/2023 19:30,573.75
2/2/2023 20:00,617.33
2/2/2023 20:30,606.27
2/2/2023 21:00,608.72
2/2/2023 21:30,603.41
2/2/2023 22:00,583.29
2/2/2023 22:30,574.52
2/2/2023 23:00,573.32
2/2/2023 23:30,556.54
2/3/2023 0:00,478.74
2/3/2023 0:30,184.67
2/3/2023 1:00,134.92
2/3/2023 1:30,141.92
2/3/2023 2:00,133.74
2/3/2023 2:30,125.7
2/3/2023 3:00,136.17
2/3/2023 3:30,134.56
2/3/2023 4:00,132.51
2/3/2023 4:30,134.49
2/3/2023 5:00,122.03
2/3/2023 5:30,119.64
2/3/2023 6:00,150.79
2/3/2023 6:30,156.48
2/3/2023 7:00,258.12
2/3/2023 7:30,692.66
2/3/2023 8:00,784.42
2/3/2023 8:30,828.57
2/3/2023 9:00,833.93
2/3/2023 9:30,829.54
2/3/2023 10:00,773.99
2/3/2023 10:30,841.7
2/3/2023 11:00,818.99
2/3/2023 11:30,818.96
2/3/2023 12:00,727.46
2/3/2023 12:30,640.53
2/3/2023 13:00,757.8
2/3/2023 13:30,828.79
2/3/2023 14:00,834.41
2/3/2023 14:30,826.26
2/3/2023 15:00,797.86
2/3/2023 15:30,785.37
2/3/2023 16:00,695.66
2/3/2023 16:30,677.08
2/3/2023 17:00,733.37
2/3/2023 17:30,738.39
2/3/2023 18:00,682.02
2/3/2023 18:30,616.83
2/3/2023 19:00,519.28
2/3/2023 19:30,571.42
2/3/2023 20:00,594.35
2/3/2023 20:30,612.39
2/3/2023 21:00,614.67
2/3/2023 21:30,606.17
2/3/2023 22:00,580.87
2/3/2023 22:30,568.62
2/3/2023 23:00,603
2/3/2023 23:30,550.82
2/4/2023 0:00,372.89
2/4/2023 0:30,217.41
2/4/2023 1:00,178.32
2/4/2023 1:30,181.66
2/4/2023 2:00,186.99
2/4/2023 2:30,176.32
2/4/2023 3:00,165.52
2/4/2023 3:30,180.77
2/4/2023 4:00,182.64
2/4/2023 4:30,156.37
2/4/2023 5:00,145.34
2/4/2023 5:30,167.41
2/4/2023 6:00,177.35
2/4/2023 6:30,181.82
2/4/2023 7:00,354.12
2/4/2023 7:30,719.52
2/4/2023 8:00,797.47
2/4/2023 8:30,810.26
2/4/2023 9:00,814.9
2/4/2023 9:30,827.72
2/4/2023 10:00,774.63
2/4/2023 10:30,814.5
2/4/2023 11:00,826.86
2/4/2023 11:30,828.36
2/4/2023 12:00,710.3
2/4/2023 12:30,638.56
2/4/2023 13:00,780.9
2/4/2023 13:30,813.14
2/4/2023 14:00,823.93
2/4/2023 14:30,825.34
2/4/2023 15:00,789.69
2/4/2023 15:30,794.16
2/4/2023 16:00,677.55
2/4/2023 16:30,639.67
2/4/2023 17:00,709.67
2/4/2023 17:30,706.98
2/4/2023 18:00,651.9
2/4/2023 18:30,586.41
2/4/2023 19:00,507.96
2/4/2023 19:30,585.93
2/4/2023 20:00,625.75
2/4/2023 20:30,638.35
2/4/2023 21:00,655.12
2/4/2023 21:30,640.11
2/4/2023 22:00,593.72
2/4/2023 22:30,565.93
2/4/2023 23:00,589.81
2/4/2023 23:30,549.06
2/5/2023 0:00,432.65
2/5/2023 0:30,183.1
2/5/2023 1:00,206.26
2/5/2023 1:30,190.12
2/5/2023 2:00,160.98
2/5/2023 2:30,146.55
2/5/2023 3:00,152.6
2/5/2023 3:30,167.54
2/5/2023 4:00,181.82
2/5/2023 4:30,192.24
2/5/2023 5:00,179.88
2/5/2023 5:30,169.19
2/5/2023 6:00,173.97
2/5/2023 6:30,228.55
2/5/2023 7:00,283.8
2/5/2023 7:30,623.11
2/5/2023 8:00,694.59
2/5/2023 8:30,766.08
2/5/2023 9:00,788.69
2/5/2023 9:30,795.73
2/5/2023 10:00,724.11
2/5/2023 10:30,785.58
2/5/2023 11:00,798.47
2/5/2023 11:30,784.16
2/5/2023 12:00,576.94
2/5/2023 12:30,566.63
2/5/2023 13:00,670.13
2/5/2023 13:30,790.12
2/5/2023 14:00,786.6
2/5/2023 14:30,764.5
2/5/2023 15:00,759.55
2/5/2023 15:30,751.13
2/5/2023 16:00,699.11
2/5/2023 16:30,635.9
2/5/2023 17:00,722.64
2/5/2023 17:30,723.49
2/5/2023 18:00,729.77
2/5/2023 18:30,689.41
2/5/2023 19:00,627.66
2/5/2023 19:30,663.62
2/5/2023 20:00,682.8
2/5/2023 20:30,701.98
2/5/2023 21:00,655.19
2/5/2023 21:30,608.4
2/5/2023 22:00,587.91
2/5/2023 22:30,579.11
2/5/2023 23:00,585.88
2/5/2023 23:30,517.36
2/6/2023 0:00,349.18
2/6/2023 0:30,190.57
2/6/2023 1:00,207.55
2/6/2023 1:30,201.85
2/6/2023 2:00,196.82
2/6/2023 2:30,185.42
2/6/2023 3:00,161.99
2/6/2023 3:30,181.88
2/6/2023 4:00,194.45
2/6/2023 4:30,188.25
2/6/2023 5:00,167.01
2/6/2023 5:30,164.62
2/6/2023 6:00,162.23
2/6/2023 6:30,142.09
2/6/2023 7:00,126.5
2/6/2023 7:30,159.76
2/6/2023 8:00,196.23
2/6/2023 8:30,230.66
2/6/2023 9:00,225.17
2/6/2023 9:30,231.89
2/6/2023 10:00,218.37
2/6/2023 10:30,226.31
2/6/2023 11:00,236.09
2/6/2023 11:30,265.59
2/6/2023 12:00,242.58
2/6/2023 12:30,238.26
2/6/2023 13:00,253.51
2/6/2023 13:30,276.43
2/6/2023 14:00,300.93
2/6/2023 14:30,316.06
2/6/2023 15:00,322.39
2/6/2023 15:30,313.37
2/6/2023 16:00,428.6
2/6/2023 16:30,346.38
2/6/2023 17:00,360.76
2/6/2023 17:30,356.49
2/6/2023 18:00,359.93
2/6/2023 18:30,356.71
2/6/2023 19:00,318.93
2/6/2023 19:30,318.14
2/6/2023 20:00,332.76
2/6/2023 20:30,326.96
2/6/2023 21:00,329.28
2/6/2023 21:30,324.97
2/6/2023 22:00,309.88
2/6/2023 22:30,305.79
2/6/2023 23:00,292.52
2/6/2023 23:30,272.64
2/7/2023 0:00,194.45
2/7/2023 0:30,97.06
2/7/2023 1:00,90.37
2/7/2023 1:30,83.82
2/7/2023 2:00,88.15
2/7/2023 2:30,79.44
2/7/2023 3:00,74.65
2/7/2023 3:30,81.7
2/7/2023 4:00,74.82
2/7/2023 4:30,74.88
2/7/2023 5:00,84.83
2/7/2023 5:30,78.56
2/7/2023 6:00,78.58
2/7/2023 6:30,84.65
2/7/2023 7:00,77.72
2/7/2023 7:30,80.57
2/7/2023 8:00,80.86
2/7/2023 8:30,88.04
2/7/2023 9:00,99.24
2/7/2023 9:30,100.51
2/7/2023 10:00,106.53
2/7/2023 10:30,130.08
2/7/2023 11:00,114.44
2/7/2023 11:30,113.81
2/7/2023 12:00,124.16
2/7/2023 12:30,127.57
2/7/2023 13:00,95.84
2/7/2023 13:30,102.36
2/7/2023 14:00,104.04
2/7/2023 14:30,105.71
2/7/2023 15:00,98.6
2/7/2023 15:30,96.63
2/7/2023 16:00,198.89
2/7/2023 16:30,90.19
2/7/2023 17:00,80.7
2/7/2023 17:30,74.93
2/7/2023 18:00,78.26
2/7/2023 18:30,74.32
2/7/2023 19:00,70.04
2/7/2023 19:30,80.44
2/7/2023 20:00,72.05
2/7/2023 20:30,70.66
2/7/2023 21:00,75.94
2/7/2023 21:30,72.91
2/7/2023 22:00,73.06
2/7/2023 22:30,75.2
2/7/2023 23:00,69.03
2/7/2023 23:30,70.55
2/8/2023 0:00,79.77
2/8/2023 0:30,72.21
2/8/2023 1:00,72.35
2/8/2023 1:30,79.66
2/8/2023 2:00,73.25
2/8/2023 2:30,76.29
2/8/2023 3:00,77.06
2/8/2023 3:30,75.87
2/8/2023 4:00,73.62
2/8/2023 4:30,73.21
2/8/2023 5:00,79.25
2/8/2023 5:30,77.52
2/8/2023 6:00,108.1
2/8/2023 6:30,170
2/8/2023 7:00,275.01
2/8/2023 7:30,588.07
2/8/2023 8:00,755.66
2/8/2023 8:30,795.84
2/8/2023 9:00,824.08
2/8/2023 9:30,819.83
2/8/2023 10:00,790.27
2/8/2023 10:30,843.92
2/8/2023 11:00,852.27
2/8/2023 11:30,857.87
2/8/2023 12:00,758.96
2/8/2023 12:30,658.48
2/8/2023 13:00,820.34
2/8/2023 13:30,875.3
2/8/2023 14:00,859.98
2/8/2023 14:30,842.66
2/8/2023 15:00,821.85
2/8/2023 15:30,850.71
2/8/2023 16:00,744.88
2/8/2023 16:30,741.16
2/8/2023 17:00,737.45
2/8/2023 17:30,739.24
2/8/2023 18:00,693.27
2/8/2023 18:30,639.42
2/8/2023 19:00,564.11
2/8/2023 19:30,611.83
2/8/2023 20:00,646.49
2/8/2023 20:30,638.18
2/8/2023 21:00,598.43
2/8/2023 21:30,581.35
2/8/2023 22:00,552.96
2/8/2023 22:30,534.93
2/8/2023 23:00,563.09
2/8/2023 23:30,537.49
2/9/2023 0:00,447.29
2/9/2023 0:30,210.31
2/9/2023 1:00,225.22
2/9/2023 1:30,203.14
2/9/2023 2:00,201.71
2/9/2023 2:30,196.31
2/9/2023 3:00,181.45
2/9/2023 3:30,193.44
2/9/2023 4:00,200.43
2/9/2023 4:30,193.92
2/9/2023 5:00,166.24
2/9/2023 5:30,151.79
2/9/2023 6:00,161.91
2/9/2023 6:30,194.61
2/9/2023 7:00,307.76
2/9/2023 7:30,643.15
2/9/2023 8:00,782.07
2/9/2023 8:30,834.16
2/9/2023 9:00,851.42
2/9/2023 9:30,851.7
2/9/2023 10:00,806.01
2/9/2023 10:30,862.86
2/9/2023 11:00,855.31
2/9/2023 11:30,844.41
2/9/2023 12:00,741.83
2/9/2023 12:30,647.33
2/9/2023 13:00,804.95
2/9/2023 13:30,868.98
2/9/2023 14:00,860.16
2/9/2023 14:30,851.33
2/9/2023 15:00,824.35
2/9/2023 15:30,834.12
2/9/2023 16:00,711.57
2/9/2023 16:30,666.24
2/9/2023 17:00,694.29
2/9/2023 17:30,652.43
2/9/2023 18:00,623.6
2/9/2023 18:30,569.52
2/9/2023 19:00,502.72
2/9/2023 19:30,569.18
2/9/2023 20:00,610.41
2/9/2023 20:30,636.55
2/9/2023 21:00,625.55
2/9/2023 21:30,605.98
2/9/2023 22:00,560.32
2/9/2023 22:30,575.24
2/9/2023 23:00,611.71
2/9/2023 23:30,571.6
2/10/2023 0:00,465.69
2/10/2023 0:30,185.4
2/10/2023 1:00,179.88
2/10/2023 1:30,175.82
2/10/2023 2:00,182.37
2/10/2023 2:30,174.34
2/10/2023 3:00,151.76
2/10/2023 3:30,162.86
2/10/2023 4:00,159.73
2/10/2023 4:30,162.03
2/10/2023 5:00,143.27
2/10/2023 5:30,159.67
2/10/2023 6:00,172.25
2/10/2023 6:30,196.34
2/10/2023 7:00,358.74
2/10/2023 7:30,648.41
2/10/2023 8:00,811.09
2/10/2023 8:30,837.12
2/10/2023 9:00,859.14
2/10/2023 9:30,862.12
2/10/2023 10:00,776.68
2/10/2023 10:30,857.88
2/10/2023 11:00,872.66
2/10/2023 11:30,851.02
2/10/2023 12:00,747.24
2/10/2023 12:30,663.48
2/10/2023 13:00,832.48
2/10/2023 13:30,853.88
2/10/2023 14:00,857.66
2/10/2023 14:30,845.3
2/10/2023 15:00,832.93
2/10/2023 15:30,814.42
2/10/2023 16:00,648.58
2/10/2023 16:30,605.7
2/10/2023 17:00,674.71
2/10/2023 17:30,678.96
2/10/2023 18:00,626
2/10/2023 18:30,575.21
2/10/2023 19:00,516.67
2/10/2023 19:30,574.03
2/10/2023 20:00,603.45
2/10/2023 20:30,643.49
2/10/2023 21:00,635.51
2/10/2023 21:30,600.45
2/10/2023 22:00,571.72
2/10/2023 22:30,579.19
2/10/2023 23:00,605.43
2/10/2023 23:30,533.52
2/11/2023 0:00,458.81
2/11/2023 0:30,324.12
2/11/2023 1:00,189.42
2/11/2023 1:30,164
2/11/2023 2:00,163.56
2/11/2023 2:30,146.33
2/11/2023 3:00,133.57
2/11/2023 3:30,157.07
2/11/2023 4:00,162.25
2/11/2023 4:30,150.15
2/11/2023 5:00,138.05
2/11/2023 5:30,147.42
2/11/2023 6:00,165.26
2/11/2023 6:30,194.31
2/11/2023 7:00,346.74
2/11/2023 7:30,610.33
2/11/2023 8:00,746.12
2/11/2023 8:30,808.17
2/11/2023 9:00,808.41
2/11/2023 9:30,808.1
2/11/2023 10:00,755.68
2/11/2023 10:30,826.33
2/11/2023 11:00,827.95
2/11/2023 11:30,773.58
2/11/2023 12:00,673.12
2/11/2023 12:30,613.62
2/11/2023 13:00,737.41
2/11/2023 13:30,784.99
2/11/2023 14:00,785.23
2/11/2023 14:30,828.87
2/11/2023 15:00,776.78
2/11/2023 15:30,776.58
2/11/2023 16:00,669.2
2/11/2023 16:30,575.65
2/11/2023 17:00,656.67
2/11/2023 17:30,647.1
2/11/2023 18:00,649.47
2/11/2023 18:30,553.37
2/11/2023 19:00,506.04
2/11/2023 19:30,537
2/11/2023 20:00,663.6
2/11/2023 20:30,670.93
2/11/2023 21:00,645.97
2/11/2023 21:30,636.29
2/11/2023 22:00,530.7
2/11/2023 22:30,491.46
2/11/2023 23:00,491.78
2/11/2023 23:30,431.72
2/12/2023 0:00,371.66
2/12/2023 0:30,161.56
2/12/2023 1:00,184.94
2/12/2023 1:30,175.6
2/12/2023 2:00,166.27
2/12/2023 2:30,148.32
2/12/2023 3:00,136.75
2/12/2023 3:30,143.45
2/12/2023 4:00,146.53
2/12/2023 4:30,147.66
2/12/2023 5:00,127.21
2/12/2023 5:30,132.01
2/12/2023 6:00,136.81
2/12/2023 6:30,126.39
2/12/2023 7:00,134.72
2/12/2023 7:30,145.07
2/12/2023 8:00,143.97
2/12/2023 8:30,164.19
2/12/2023 9:00,186.02
2/12/2023 9:30,179.52
2/12/2023 10:00,197.22
2/12/2023 10:30,175.32
2/12/2023 11:00,176.16
2/12/2023 11:30,183.24
2/12/2023 12:00,190.59
2/12/2023 12:30,177.8
2/12/2023 13:00,186.6
2/12/2023 13:30,200.52
2/12/2023 14:00,200.4
2/12/2023 14:30,203.01
2/12/2023 15:00,201.49
2/12/2023 15:30,176.7
2/12/2023 16:00,157.13
2/12/2023 16:30,103.26
2/12/2023 17:00,49.38
2/12/2023 17:30,48.71
2/12/2023 18:00,56.16
2/12/2023 18:30,48.45
2/12/2023 19:00,49.15
2/12/2023 19:30,54.4
2/12/2023 20:00,47.95
2/12/2023 20:30,49.46
2/12/2023 21:00,50.7
2/12/2023 21:30,48.56
2/12/2023 22:00,51.68
2/12/2023 22:30,47.96
2/12/2023 23:00,50.23
2/12/2023 23:30,52.5
2/13/2023 0:00,46.4
2/13/2023 0:30,47.68
2/13/2023 1:00,50.2
2/13/2023 1:30,44.64
2/13/2023 2:00,45.96
2/13/2023 2:30,51.67
2/13/2023 3:00,44.28
2/13/2023 3:30,44.19
2/13/2023 4:00,50.3
2/13/2023 4:30,44.23
2/13/2023 5:00,43.84
2/13/2023 5:30,50.67
2/13/2023 6:00,43.79
2/13/2023 6:30,43.5
2/13/2023 7:00,67.28
2/13/2023 7:30,67.99
2/13/2023 8:00,82.11
2/13/2023 8:30,95.62
2/13/2023 9:00,102.6
2/13/2023 9:30,81.53
2/13/2023 10:00,112.28
2/13/2023 10:30,90.6
2/13/2023 11:00,90.46
2/13/2023 11:30,90.33
2/13/2023 12:00,78.27
2/13/2023 12:30,81.41
2/13/2023 13:00,84.54
2/13/2023 13:30,87.68
2/13/2023 14:00,97.41
2/13/2023 14:30,118.95
2/13/2023 15:00,93.37
2/13/2023 15:30,86.85
2/13/2023 16:00,80.33
2/13/2023 16:30,70.31
2/13/2023 17:00,78.94
2/13/2023 17:30,57.69
2/13/2023 18:00,49
2/13/2023 18:30,48.03
2/13/2023 19:00,54.5
2/13/2023 19:30,51.74
2/13/2023 20:00,50.82
2/13/2023 20:30,58.47
2/13/2023 21:00,50.32
2/13/2023 21:30,50.17
2/13/2023 22:00,55.64
2/13/2023 22:30,48.46
2/13/2023 23:00,49.46
2/13/2023 23:30,53.06
2/14/2023 0:00,46.88
2/14/2023 0:30,42.33
2/14/2023 1:00,45.65
2/14/2023 1:30,39.48
2/14/2023 2:00,39.87
2/14/2023 2:30,43.5
2/14/2023 3:00,40.45
2/14/2023 3:30,40.5
2/14/2023 4:00,43.91
2/14/2023 4:30,41
2/14/2023 5:00,39.68
2/14/2023 5:30,45.3
2/14/2023 6:00,39.47
2/14/2023 6:30,42.53
2/14/2023 7:00,80.43
2/14/2023 7:30,108.41
2/14/2023 8:00,120.81
2/14/2023 8:30,121.77
2/14/2023 9:00,116.56
2/14/2023 9:30,121.37
2/14/2023 10:00,115.34
2/14/2023 10:30,122.41
2/14/2023 11:00,129.48
2/14/2023 11:30,139.54
2/14/2023 12:00,139
2/14/2023 12:30,136.49
2/14/2023 13:00,165.49
2/14/2023 13:30,166.78
2/14/2023 14:00,169.76
2/14/2023 14:30,168
2/14/2023 15:00,165.78
2/14/2023 15:30,162.19
2/14/2023 16:00,348.34
2/14/2023 16:30,242.51
2/14/2023 17:00,259.24
2/14/2023 17:30,355.36
2/14/2023 18:00,348.84
2/14/2023 18:30,347.26
2/14/2023 19:00,331.5
2/14/2023 19:30,330.43
2/14/2023 20:00,332.48
2/14/2023 20:30,341.24
2/14/2023 21:00,344.91
2/14/2023 21:30,353.53
2/14/2023 22:00,347.06
2/14/2023 22:30,365.65
2/14/2023 23:00,366.43
2/14/2023 23:30,313.03
2/15/2023 0:00,266.71
2/15/2023 0:30,174.27
2/15/2023 1:00,84.81
2/15/2023 1:30,80.56
2/15/2023 2:00,90.53
2/15/2023 2:30,82.68
2/15/2023 3:00,82.45
2/15/2023 3:30,88.85
2/15/2023 4:00,78.72
2/15/2023 4:30,80.49
2/15/2023 5:00,86.22
2/15/2023 5:30,86.98
2/15/2023 6:00,133.61
2/15/2023 6:30,159.58
2/15/2023 7:00,226.4
2/15/2023 7:30,690.11
2/15/2023 8:00,806.64
2/15/2023 8:30,828.74
2/15/2023 9:00,852.48
2/15/2023 9:30,881.27
2/15/2023 10:00,811.86
2/15/2023 10:30,872.8
2/15/2023 11:00,871.52
2/15/2023 11:30,863.41
2/15/2023 12:00,744.03
2/15/2023 12:30,667.82
2/15/2023 13:00,833.58
2/15/2023 13:30,868.49
2/15/2023 14:00,860.46
2/15/2023 14:30,866.18
2/15/2023 15:00,838.38
2/15/2023 15:30,843.05
2/15/2023 16:00,724.17
2/15/2023 16:30,694.95
2/15/2023 17:00,697.89
2/15/2023 17:30,689.22
2/15/2023 18:00,685.02
2/15/2023 18:30,624.29
2/15/2023 19:00,563.57
2/15/2023 19:30,614.89
2/15/2023 20:00,663.17
2/15/2023 20:30,697.7
2/15/2023 21:00,670.41
2/15/2023 21:30,662.14
2/15/2023 22:00,594.92
2/15/2023 22:30,569.93
2/15/2023 23:00,565.16
2/15/2023 23:30,501.05
2/16/2023 0:00,372.64
2/16/2023 0:30,175.77
2/16/2023 1:00,184.31
2/16/2023 1:30,169.1
2/16/2023 2:00,167.15
2/16/2023 2:30,150.76
2/16/2023 3:00,129.75
2/16/2023 3:30,160.59
2/16/2023 4:00,161.69
2/16/2023 4:30,154.7
2/16/2023 5:00,140.58
2/16/2023 5:30,141.48
2/16/2023 6:00,164.3
2/16/2023 6:30,199.95
2/16/2023 7:00,355.16
2/16/2023 7:30,658.29
2/16/2023 8:00,829.76
2/16/2023 8:30,853.93
2/16/2023 9:00,878.11
2/16/2023 9:30,872.11
2/16/2023 10:00,792.3
2/16/2023 10:30,899.29
2/16/2023 11:00,910.17
2/16/2023 11:30,905.37
2/16/2023 12:00,774.78
2/16/2023 12:30,704.37
2/16/2023 13:00,867.6
2/16/2023 13:30,903.99
2/16/2023 14:00,907.89
2/16/2023 14:30,897.22
2/16/2023 15:00,842.94
2/16/2023 15:30,803.65
2/16/2023 16:00,764.37
2/16/2023 16:30,725.08
2/16/2023 17:00,836.63
2/16/2023 17:30,829.48
2/16/2023 18:00,753.54
2/16/2023 18:30,674.31
2/16/2023 19:00,596.14
2/16/2023 19:30,648.64
2/16/2023 20:00,700.75
2/16/2023 20:30,724.42
2/16/2023 21:00,739.43
2/16/2023 21:30,669.65
2/16/2023 22:00,608.11
2/16/2023 22:30,612.15
2/16/2023 23:00,621.92
2/16/2023 23:30,570.62
2/17/2023 0:00,349.83
2/17/2023 0:30,185.92
2/17/2023 1:00,209.32
2/17/2023 1:30,198.36
2/17/2023 2:00,171.47
2/17/2023 2:30,164.87
2/17/2023 3:00,152.5
2/17/2023 3:30,162.72
2/17/2023 4:00,173.9
2/17/2023 4:30,177
2/17/2023 5:00,152.92
2/17/2023 5:30,147.29
2/17/2023 6:00,172.99
2/17/2023 6:30,216.11
2/17/2023 7:00,447.82
2/17/2023 7:30,722.17
2/17/2023 8:00,853.81
2/17/2023 8:30,856.25
2/17/2023 9:00,869.35
2/17/2023 9:30,872.66
2/17/2023 10:00,820.23
2/17/2023 10:30,891.27
2/17/2023 11:00,906.05
2/17/2023 11:30,880.84
2/17/2023 12:00,763.16
2/17/2023 12:30,684.89
2/17/2023 13:00,849.8
2/17/2023 13:30,906.59
2/17/2023 14:00,909.31
2/17/2023 14:30,901.73
2/17/2023 15:00,856.43
2/17/2023 15:30,848.84
2/17/2023 16:00,757.15
2/17/2023 16:30,742.93
2/17/2023 17:00,821.9
2/17/2023 17:30,842.15
2/17/2023 18:00,825.84
2/17/2023 18:30,777.26
2/17/2023 19:00,697.18
2/17/2023 19:30,720.84
2/17/2023 20:00,730.25
2/17/2023 20:30,719.5
2/17/2023 21:00,671.95
2/17/2023 21:30,643.33
2/17/2023 22:00,587.09
2/17/2023 22:30,562.52
2/17/2023 23:00,583.44
2/17/2023 23:30,552.43
2/18/2023 0:00,397.08
2/18/2023 0:30,199.31
2/18/2023 1:00,177.93
2/18/2023 1:30,172.66
2/18/2023 2:00,164.76
2/18/2023 2:30,154.2
2/18/2023 3:00,151.28
2/18/2023 3:30,148.36
2/18/2023 4:00,162.76
2/18/2023 4:30,163.14
2/18/2023 5:00,140.58
2/18/2023 5:30,160.62
2/18/2023 6:00,180.66
2/18/2023 6:30,229.48
2/18/2023 7:00,419.34
2/18/2023 7:30,718.36
2/18/2023 8:00,880.89
2/18/2023 8:30,891.06
2/18/2023 9:00,902.58
2/18/2023 9:30,858.46
2/18/2023 10:00,814.34
2/18/2023 10:30,891.94
2/18/2023 11:00,877.5
2/18/2023 11:30,877.2
2/18/2023 12:00,762.48
2/18/2023 12:30,687.16
2/18/2023 13:00,825.44
2/18/2023 13:30,860.16
2/18/2023 14:00,860.25
2/18/2023 14:30,843.3
2/18/2023 15:00,814.92
2/18/2023 15:30,794.88
2/18/2023 16:00,701.34
2/18/2023 16:30,663.99
2/18/2023 17:00,746.44
2/18/2023 17:30,757.06
2/18/2023 18:00,662.25
2/18/2023 18:30,609.03
2/18/2023 19:00,551.68
2/18/2023 19:30,603.76
2/18/2023 20:00,646.28
2/18/2023 20:30,673.51
2/18/2023 21:00,664.46
2/18/2023 21:30,649.23
2/18/2023 22:00,520.44
2/18/2023 22:30,507.07
2/18/2023 23:00,532
2/18/2023 23:30,481.26
2/19/2023 0:00,326.5
2/19/2023 0:30,182.06
2/19/2023 1:00,200.88
2/19/2023 1:30,162.35
2/19/2023 2:00,167.67
2/19/2023 2:30,159.97
2/19/2023 3:00,137.98
2/19/2023 3:30,161.68
2/19/2023 4:00,170.38
2/19/2023 4:30,159.98
2/19/2023 5:00,153.77
2/19/2023 5:30,151.87
2/19/2023 6:00,180.89
2/19/2023 6:30,221.49
2/19/2023 7:00,348.03
2/19/2023 7:30,671.48
2/19/2023 8:00,766.46
2/19/2023 8:30,777.79
2/19/2023 9:00,793.87
2/19/2023 9:30,786.83
2/19/2023 10:00,732.52
2/19/2023 10:30,799.26
2/19/2023 11:00,802.66
2/19/2023 11:30,792.26
2/19/2023 12:00,590.34
2/19/2023 12:30,561.22
2/19/2023 13:00,668.36
2/19/2023 13:30,787.06
2/19/2023 14:00,794.95
2/19/2023 14:30,802.84
2/19/2023 15:00,769.39
2/19/2023 15:30,769.52
2/19/2023 16:00,726.74
2/19/2023 16:30,603.86
2/19/2023 17:00,689.8
2/19/2023 17:30,709.69
2/19/2023 18:00,681.48
2/19/2023 18:30,613.5
2/19/2023 19:00,544.76
2/19/2023 19:30,610.76
2/19/2023 20:00,649.82
2/19/2023 20:30,672.68
2/19/2023 21:00,642.42
2/19/2023 21:30,597.41
2/19/2023 22:00,537.45
2/19/2023 22:30,503.13
2/19/2023 23:00,493.43
2/19/2023 23:30,355.69
2/20/2023 0:00,272.38
2/20/2023 0:30,139.14
2/20/2023 1:00,156.41
2/20/2023 1:30,157.42
2/20/2023 2:00,142.96
2/20/2023 2:30,140.38
2/20/2023 3:00,127.25
2/20/2023 3:30,135.53
2/20/2023 4:00,154.15
2/20/2023 4:30,144.6
2/20/2023 5:00,131.97
2/20/2023 5:30,136.2
2/20/2023 6:00,132.63
2/20/2023 6:30,116.38
2/20/2023 7:00,110.7
2/20/2023 7:30,141.18
2/20/2023 8:00,173.55
2/20/2023 8:30,201.11
2/20/2023 9:00,203.28
2/20/2023 9:30,217.71
2/20/2023 10:00,210.42
2/20/2023 10:30,219.84
2/20/2023 11:00,221.87
2/20/2023 11:30,227.92
2/20/2023 12:00,211.94
2/20/2023 12:30,204.7
2/20/2023 13:00,230.13
2/20/2023 13:30,251.75
2/20/2023 14:00,266.12
2/20/2023 14:30,286.27
2/20/2023 15:00,306.41
2/20/2023 15:30,326.55
2/20/2023 16:00,366.79
2/20/2023 16:30,420.42
2/20/2023 17:00,427.35
2/20/2023 17:30,396.87
2/20/2023 18:00,410.47
2/20/2023 18:30,409.41
2/20/2023 19:00,423.6
2/20/2023 19:30,413.01
2/20/2023 20:00,400.04
2/20/2023 20:30,418.46
2/20/2023 21:00,394.28
2/20/2023 21:30,356.53
2/20/2023 22:00,355.48
2/20/2023 22:30,344.2
2/20/2023 23:00,350.02
2/20/2023 23:30,298.16
2/21/2023 0:00,245.56
2/21/2023 0:30,150.41
2/21/2023 1:00,146.79
2/21/2023 1:30,75.12
2/21/2023 2:00,78.58
2/21/2023 2:30,72.79
2/21/2023 3:00,71.61
2/21/2023 3:30,81.36
2/21/2023 4:00,73.75
2/21/2023 4:30,72.23
2/21/2023 5:00,80.17
2/21/2023 5:30,73.71
2/21/2023 6:00,73.45
2/21/2023 6:30,75.27
2/21/2023 7:00,105.32
2/21/2023 7:30,123.4
2/21/2023 8:00,141.48
2/21/2023 8:30,154.19
2/21/2023 9:00,157.33
2/21/2023 9:30,152.49
2/21/2023 10:00,166.53
2/21/2023 10:30,191.49
2/21/2023 11:00,192.13
2/21/2023 11:30,196.72
2/21/2023 12:00,186.69
2/21/2023 12:30,182.57
2/21/2023 13:00,192.7
2/21/2023 13:30,187.79
2/21/2023 14:00,184.09
2/21/2023 14:30,175.79
2/21/2023 15:00,165.52
2/21/2023 15:30,166.75
2/21/2023 16:00,162.12
2/21/2023 16:30,75.26
2/21/2023 17:00,127.08
2/21/2023 17:30,96.12
2/21/2023 18:00,97.95
2/21/2023 18:30,108.1
2/21/2023 19:00,116.9
2/21/2023 19:30,119.88
2/21/2023 20:00,120.24
2/21/2023 20:30,116.01
2/21/2023 21:00,113.8
2/21/2023 21:30,118.7
2/21/2023 22:00,91.61
2/21/2023 22:30,120.55
2/21/2023 23:00,119.45
2/21/2023 23:30,117.49
2/22/2023 0:00,117.1
2/22/2023 0:30,116.1
2/22/2023 1:00,121.44
2/22/2023 1:30,118.45
2/22/2023 2:00,115.9
2/22/2023 2:30,121.45
2/22/2023 3:00,118.84
2/22/2023 3:30,120.15
2/22/2023 4:00,123.73
2/22/2023 4:30,118.05
2/22/2023 5:00,115.79
2/22/2023 5:30,125.04
2/22/2023 6:00,117.96
2/22/2023 6:30,209.41
2/22/2023 7:00,410.75
2/22/2023 7:30,702.04
2/22/2023 8:00,832.29
2/22/2023 8:30,863.76
2/22/2023 9:00,877.2
2/22/2023 9:30,859.35
2/22/2023 10:00,793.74
2/22/2023 10:30,900.23
2/22/2023 11:00,900.1
2/22/2023 11:30,897.58
2/22/2023 12:00,767.71
2/22/2023 12:30,700.54
2/22/2023 13:00,812.27
2/22/2023 13:30,817.45
2/22/2023 14:00,848.86
2/22/2023 14:30,830.64
2/22/2023 15:00,837.97
2/22/2023 15:30,848.6
2/22/2023 16:00,730.34
2/22/2023 16:30,703.63
2/22/2023 17:00,760.51
2/22/2023 17:30,744.02
2/22/2023 18:00,735.72
2/22/2023 18:30,650
2/22/2023 19:00,557.73
2/22/2023 19:30,595.68
2/22/2023 20:00,637.88
2/22/2023 20:30,631.84
2/22/2023 21:00,604.28
2/22/2023 21:30,576.58
2/22/2023 22:00,548.87
2/22/2023 22:30,550.82
2/22/2023 23:00,566.65
2/22/2023 23:30,517.22
2/23/2023 0:00,410.17
2/23/2023 0:30,193.37
2/23/2023 1:00,179.73
2/23/2023 1:30,178.8
2/23/2023 2:00,176.99
2/23/2023 2:30,165.87
2/23/2023 3:00,137.57
2/23/2023 3:30,159.86
2/23/2023 4:00,159.29
2/23/2023 4:30,151.58
2/23/2023 5:00,140.63
2/23/2023 5:30,159.95
2/23/2023 6:00,156.15
2/23/2023 6:30,258.37
2/23/2023 7:00,497.31
2/23/2023 7:30,712.82
2/23/2023 8:00,836.1
2/23/2023 8:30,858.23
2/23/2023 9:00,857.16
2/23/2023 9:30,870.55
2/23/2023 10:00,816.96
2/23/2023 10:30,878.82
2/23/2023 11:00,886.58
2/23/2023 11:30,872.17
2/23/2023 12:00,780.9
2/23/2023 12:30,689.63
2/23/2023 13:00,837.63
2/23/2023 13:30,868.52
2/23/2023 14:00,867.65
2/23/2023 14:30,845.06
2/23/2023 15:00,822.83
2/23/2023 15:30,824.1
2/23/2023 16:00,680.3
2/23/2023 16:30,629.62
2/23/2023 17:00,669.28
2/23/2023 17:30,664.94
2/23/2023 18:00,673.04
2/23/2023 18:30,624.69
2/23/2023 19:00,574.46
2/23/2023 19:30,580.58
2/23/2023 20:00,577.05
2/23/2023 20:30,578.01
2/23/2023 21:00,553.23
2/23/2023 21:30,548.41
2/23/2023 22:00,495.02
2/23/2023 22:30,484.49
2/23/2023 23:00,500.59
2/23/2023 23:30,439.15
2/24/2023 0:00,385.09
2/24/2023 0:30,193.93
2/24/2023 1:00,194.27
2/24/2023 1:30,169.28
2/24/2023 2:00,151.41
2/24/2023 2:30,155.17
2/24/2023 3:00,137.75
2/24/2023 3:30,135.96
2/24/2023 4:00,160.82
2/24/2023 4:30,151.15
2/24/2023 5:00,148.97
2/24/2023 5:30,176.23
2/24/2023 6:00,202.54
2/24/2023 6:30,243.95
2/24/2023 7:00,473.2
2/24/2023 7:30,691.76
2/24/2023 8:00,812.34
2/24/2023 8:30,854
2/24/2023 9:00,855.68
2/24/2023 9:30,847.27
2/24/2023 10:00,803.23
2/24/2023 10:30,865.75
2/24/2023 11:00,869.03
2/24/2023 11:30,866.48
2/24/2023 12:00,744.45
2/24/2023 12:30,684.2
2/24/2023 13:00,823.94
2/24/2023 13:30,874.24
2/24/2023 14:00,876.73
2/24/2023 14:30,844.82
2/24/2023 15:00,810.81
2/24/2023 15:30,814.76
2/24/2023 16:00,693.02
2/24/2023 16:30,686.15
2/24/2023 17:00,770.36
2/24/2023 17:30,760.24
2/24/2023 18:00,737.6
2/24/2023 18:30,606.12
2/24/2023 19:00,537.58
2/24/2023 19:30,581.59
2/24/2023 20:00,633.25
2/24/2023 20:30,634.32
2/24/2023 21:00,635.4
2/24/2023 21:30,623.7
2/24/2023 22:00,549.73
2/24/2023 22:30,536.88
2/24/2023 23:00,578.5
2/24/2023 23:30,519.13
2/25/2023 0:00,346.98
2/25/2023 0:30,170.49
2/25/2023 1:00,177.64
2/25/2023 1:30,175.07
2/25/2023 2:00,168.05
2/25/2023 2:30,177.19
2/25/2023 3:00,143.27
2/25/2023 3:30,164.12
2/25/2023 4:00,178.89
2/25/2023 4:30,159.34
2/25/2023 5:00,145.47
2/25/2023 5:30,162.87
2/25/2023 6:00,180.26
2/25/2023 6:30,230.25
2/25/2023 7:00,456.52
2/25/2023 7:30,667.46
2/25/2023 8:00,800.93
2/25/2023 8:30,816.3
2/25/2023 9:00,829.51
2/25/2023 9:30,844.48
2/25/2023 10:00,786.49
2/25/2023 10:30,869.55
2/25/2023 11:00,859.27
2/25/2023 11:30,860.12
2/25/2023 12:00,720.55
2/25/2023 12:30,661.3
2/25/2023 13:00,802.42
2/25/2023 13:30,839.8
2/25/2023 14:00,848.93
2/25/2023 14:30,856.48
2/25/2023 15:00,837.48
2/25/2023 15:30,838.8
2/25/2023 16:00,650.31
2/25/2023 16:30,633.68
2/25/2023 17:00,698.24
2/25/2023 17:30,695.17
2/25/2023 18:00,695.42
2/25/2023 18:30,643.91
2/25/2023 19:00,575.61
2/25/2023 19:30,592.31
2/25/2023 20:00,633.07
2/25/2023 20:30,642.89
2/25/2023 21:00,587.47
2/25/2023 21:30,563.19
2/25/2023 22:00,487.11
2/25/2023 22:30,501.64
2/25/2023 23:00,524.82
2/25/2023 23:30,472.72
2/26/2023 0:00,390.15
2/26/2023 0:30,193.29
2/26/2023 1:00,203.79
2/26/2023 1:30,203.27
2/26/2023 2:00,206
2/26/2023 2:30,197.93
2/26/2023 3:00,179.05
2/26/2023 3:30,198.49
2/26/2023 4:00,204
2/26/2023 4:30,200.99
2/26/2023 5:00,184.23
2/26/2023 5:30,202.24
2/26/2023 6:00,216.91
2/26/2023 6:30,210.79
2/26/2023 7:00,378.29
2/26/2023 7:30,613.72
2/26/2023 8:00,749.95
2/26/2023 8:30,774.81
2/26/2023 9:00,771.58
2/26/2023 9:30,773.46
2/26/2023 10:00,706.45
2/26/2023 10:30,770.34
2/26/2023 11:00,763.01
2/26/2023 11:30,775.02
2/26/2023 12:00,613.53
2/26/2023 12:30,544.68
2/26/2023 13:00,696.3
2/26/2023 13:30,800.15
2/26/2023 14:00,784.99
2/26/2023 14:30,791.85
2/26/2023 15:00,752.73
2/26/2023 15:30,757.22
2/26/2023 16:00,737.14
2/26/2023 16:30,671.4
2/26/2023 17:00,765.87
2/26/2023 17:30,711.01
2/26/2023 18:00,693.9
2/26/2023 18:30,649.09
2/26/2023 19:00,615.18
2/26/2023 19:30,663.52
2/26/2023 20:00,640.51
2/26/2023 20:30,653.7
2/26/2023 21:00,613.83
2/26/2023 21:30,617.67
2/26/2023 22:00,559.21
2/26/2023 22:30,554.05
2/26/2023 23:00,511.32
2/26/2023 23:30,442.48
2/27/2023 0:00,370.34
2/27/2023 0:30,149.03
2/27/2023 1:00,154.05
2/27/2023 1:30,145.2
2/27/2023 2:00,145.28
2/27/2023 2:30,137.33
2/27/2023 3:00,111.16
2/27/2023 3:30,133.52
2/27/2023 4:00,144.97
2/27/2023 4:30,130.57
2/27/2023 5:00,115.82
2/27/2023 5:30,123.28
2/27/2023 6:00,120.17
2/27/2023 6:30,140.52
2/27/2023 7:00,139.9
2/27/2023 7:30,139.79
2/27/2023 8:00,171.81
2/27/2023 8:30,198.12
2/27/2023 9:00,194.52
2/27/2023 9:30,207.91
2/27/2023 10:00,207.74
2/27/2023 10:30,209.13
2/27/2023 11:00,213.89
2/27/2023 11:30,217.43
2/27/2023 12:00,207.74
2/27/2023 12:30,198.14
2/27/2023 13:00,209.01
2/27/2023 13:30,213.63
2/27/2023 14:00,221.91
2/27/2023 14:30,245.71
2/27/2023 15:00,307.64
2/27/2023 15:30,362.16
2/27/2023 16:00,373.54
2/27/2023 16:30,342.74
2/27/2023 17:00,327.42
2/27/2023 17:30,332.37
2/27/2023 18:00,329.46
2/27/2023 18:30,318.11
2/27/2023 19:00,318.53
2/27/2023 19:30,316.21
2/27/2023 20:00,318.64
2/27/2023 20:30,321.33
2/27/2023 21:00,326.68
2/27/2023 21:30,328.57
2/27/2023 22:00,313.07
2/27/2023 22:30,330.15
2/27/2023 23:00,322.67
2/27/2023 23:30,249.38
2/28/2023 0:00,179.45
2/28/2023 0:30,139.41
2/28/2023 1:00,114.41
2/28/2023 1:30,111.71
2/28/2023 2:00,117.78
2/28/2023 2:30,112.09
2/28/2023 3:00,111.03
2/28/2023 3:30,114.2
2/28/2023 4:00,103.13
2/28/2023 4:30,106.79
2/28/2023 5:00,114.37
2/28/2023 5:30,126.32
2/28/2023 6:00,110.45
2/28/2023 6:30,116.17
2/28/2023 7:00,95.93
2/28/2023 7:30,107.84
2/28/2023 8:00,96.74
2/28/2023 8:30,86.74
2/28/2023 9:00,110.31
2/28/2023 9:30,129.91
2/28/2023 10:00,127.33
2/28/2023 10:30,130.63
2/28/2023 11:00,131.14
2/28/2023 11:30,132.99
2/28/2023 12:00,120.7
2/28/2023 12:30,111.51
2/28/2023 13:00,103.82
2/28/2023 13:30,104.02
2/28/2023 14:00,113.02
2/28/2023 14:30,108.93
2/28/2023 15:00,113.97
2/28/2023 15:30,114.72
2/28/2023 16:00,101.77
2/28/2023 16:30,97.55
2/28/2023 17:00,109.33
2/28/2023 17:30,109.99
2/28/2023 18:00,83.67
2/28/2023 18:30,85.87
2/28/2023 19:00,112.68
2/28/2023 19:30,85.6
2/28/2023 20:00,96.57
2/28/2023 20:30,91.06
2/28/2023 21:00,85.38
2/28/2023 21:30,84.3
2/28/2023 22:00,87.2
2/28/2023 22:30,95.39
2/28/2023 23:00,87.37
2/28/2023 23:30,92.6
