1/2/2023 0:00,0
1/2/2023 1:00,0
1/2/2023 2:00,0
1/2/2023 3:00,0
1/2/2023 4:00,0
1/2/2023 5:00,0
1/2/2023 6:00,0
1/2/2023 7:00,0
1/2/2023 8:00,0
1/2/2023 9:00,0
1/2/2023 10:00,0
1/2/2023 11:00,0
1/2/2023 12:00,50.64
1/2/2023 13:00,49.14
1/2/2023 14:00,52.14
1/2/2023 15:00,45.38
1/2/2023 16:00,51.69
1/2/2023 17:00,54.38
1/2/2023 18:00,44.62
1/2/2023 19:00,46.3
1/2/2023 20:00,52.24
1/2/2023 21:00,47.44
1/2/2023 22:00,49.66
1/2/2023 23:00,46.17
1/3/2023 0:00,48.42
1/3/2023 1:00,51.27
1/3/2023 2:00,46.21
1/3/2023 3:00,42.8
1/3/2023 4:00,45.9
1/3/2023 5:00,50.98
1/3/2023 6:00,45.34
1/3/2023 7:00,46.55
1/3/2023 8:00,49.18
1/3/2023 9:00,52.28
1/3/2023 10:00,57.39
1/3/2023 11:00,46.89
1/3/2023 12:00,64.02
1/3/2023 13:00,51.39
1/3/2023 14:00,49.56
1/3/2023 15:00,46.1
1/3/2023 16:00,46.06
1/3/2023 17:00,49.11
1/3/2023 18:00,54.14
1/3/2023 19:00,44.08
1/3/2023 20:00,48.18
1/3/2023 21:00,52.02
1/3/2023 22:00,51.06
1/3/2023 23:00,52.29
1/4/2023 0:00,53.73
1/4/2023 1:00,55.74
1/4/2023 2:00,58.86
1/4/2023 3:00,53.15
1/4/2023 4:00,53.9
1/4/2023 5:00,56.3
1/4/2023 6:00,90.43
1/4/2023 7:00,196.59
1/4/2023 8:00,377.79
1/4/2023 9:00,588
1/4/2023 10:00,669.53
1/4/2023 11:00,706.06
1/4/2023 12:00,646.06
1/4/2023 13:00,704.04
1/4/2023 14:00,743.71
1/4/2023 15:00,752.48
1/4/2023 16:00,616.45
1/4/2023 17:00,594.72
1/4/2023 18:00,518.69
1/4/2023 19:00,444.35
1/4/2023 20:00,454.54
1/4/2023 21:00,449.34
1/4/2023 22:00,425.86
1/4/2023 23:00,419.33
1/5/2023 0:00,257.45
1/5/2023 1:00,104.46
1/5/2023 2:00,73.2
1/5/2023 3:00,69.72
1/5/2023 4:00,74.48
1/5/2023 5:00,66.63
1/5/2023 6:00,89.17
1/5/2023 7:00,400.48
1/5/2023 8:00,783.98
1/5/2023 9:00,863.4
1/5/2023 10:00,868.12
1/5/2023 11:00,881.76
1/5/2023 12:00,708.58
1/5/2023 13:00,759.98
1/5/2023 14:00,846.64
1/5/2023 15:00,806.72
1/5/2023 16:00,724.62
1/5/2023 17:00,642.54
1/5/2023 18:00,538.36
1/5/2023 19:00,478.59
1/5/2023 20:00,571.82
1/5/2023 21:00,532.88
1/5/2023 22:00,489.8
1/5/2023 23:00,482.74
1/6/2023 0:00,243.94
1/6/2023 1:00,78.42
1/6/2023 2:00,74.11
1/6/2023 3:00,68.03
1/6/2023 4:00,69.91
1/6/2023 5:00,65.23
1/6/2023 6:00,59.98
1/6/2023 7:00,440.08
1/6/2023 8:00,753
1/6/2023 9:00,839.59
1/6/2023 10:00,834.26
1/6/2023 11:00,889.22
1/6/2023 12:00,756.4
1/6/2023 13:00,851.76
1/6/2023 14:00,873.5
1/6/2023 15:00,859.8
1/6/2023 16:00,681.98
1/6/2023 17:00,649.28
1/6/2023 18:00,570.55
1/6/2023 19:00,526.06
1/6/2023 20:00,551.74
1/6/2023 21:00,552.89
1/6/2023 22:00,503.76
1/6/2023 23:00,439.72
1/7/2023 0:00,224.83
1/7/2023 1:00,85.59
1/7/2023 2:00,87.1
1/7/2023 3:00,87.2
1/7/2023 4:00,84.44
1/7/2023 5:00,85.23
1/7/2023 6:00,96.56
1/7/2023 7:00,434.39
1/7/2023 8:00,831.48
1/7/2023 9:00,852.46
1/7/2023 10:00,852.28
1/7/2023 11:00,888.34
1/7/2023 12:00,727.52
1/7/2023 13:00,846.9
1/7/2023 14:00,874.59
1/7/2023 15:00,856.62
1/7/2023 16:00,671.08
1/7/2023 17:00,670.38
1/7/2023 18:00,618.43
1/7/2023 19:00,564.45
1/7/2023 20:00,626.58
1/7/2023 21:00,666.16
1/7/2023 22:00,598.14
1/7/2023 23:00,613.45
1/8/2023 0:00,316.5
1/8/2023 1:00,89.27
1/8/2023 2:00,84.08
1/8/2023 3:00,84.69
1/8/2023 4:00,87.24
1/8/2023 5:00,75.6
1/8/2023 6:00,78.14
1/8/2023 7:00,306.03
1/8/2023 8:00,547.72
1/8/2023 9:00,547.19
1/8/2023 10:00,506.32
1/8/2023 11:00,530.43
1/8/2023 12:00,424.83
1/8/2023 13:00,501.14
1/8/2023 14:00,547.84
1/8/2023 15:00,646.47
1/8/2023 16:00,671.12
1/8/2023 17:00,749.88
1/8/2023 18:00,650.26
1/8/2023 19:00,588.99
1/8/2023 20:00,646.67
1/8/2023 21:00,603.24
1/8/2023 22:00,540.32
1/8/2023 23:00,573.27
1/9/2023 0:00,258.86
1/9/2023 1:00,121.18
1/9/2023 2:00,114.41
1/9/2023 3:00,111.83
1/9/2023 4:00,104.56
1/9/2023 5:00,96.16
1/9/2023 6:00,99.92
1/9/2023 7:00,121.82
1/9/2023 8:00,152.82
1/9/2023 9:00,158.17
1/9/2023 10:00,120.54
1/9/2023 11:00,123.9
1/9/2023 12:00,107.36
1/9/2023 13:00,108.84
1/9/2023 14:00,140.38
1/9/2023 15:00,225.6
1/9/2023 16:00,234.48
1/9/2023 17:00,146.86
1/9/2023 18:00,282.97
1/9/2023 19:00,271.12
1/9/2023 20:00,276.74
1/9/2023 21:00,272.88
1/9/2023 22:00,264.08
1/9/2023 23:00,239.19
1/10/2023 0:00,153.92
1/10/2023 1:00,40.34
1/10/2023 2:00,40.89
1/10/2023 3:00,38.59
1/10/2023 4:00,38.66
1/10/2023 5:00,38.32
1/10/2023 6:00,52.76
1/10/2023 7:00,98.05
1/10/2023 8:00,123.42
1/10/2023 9:00,130.1
1/10/2023 10:00,129.23
1/10/2023 11:00,126.82
1/10/2023 12:00,118.89
1/10/2023 13:00,127.74
1/10/2023 14:00,132.71
1/10/2023 15:00,131.24
1/10/2023 16:00,109.55
1/10/2023 17:00,103.71
1/10/2023 18:00,115.08
1/10/2023 19:00,117.36
1/10/2023 20:00,123.23
1/10/2023 21:00,128.06
1/10/2023 22:00,130.52
1/10/2023 23:00,128.38
1/11/2023 0:00,122.1
1/11/2023 1:00,126.15
1/11/2023 2:00,123.97
1/11/2023 3:00,120.86
1/11/2023 4:00,124.01
1/11/2023 5:00,124.5
1/11/2023 6:00,137.26
1/11/2023 7:00,455.62
1/11/2023 8:00,858.3
1/11/2023 9:00,873.44
1/11/2023 10:00,853.47
1/11/2023 11:00,901.79
1/11/2023 12:00,778.36
1/11/2023 13:00,881.14
1/11/2023 14:00,900.18
1/11/2023 15:00,855.44
1/11/2023 16:00,655
1/11/2023 17:00,680
1/11/2023 18:00,620.32
1/11/2023 19:00,552.07
1/11/2023 20:00,585.68
1/11/2023 21:00,592.2
1/11/2023 22:00,563.66
1/11/2023 23:00,557.02
1/12/2023 0:00,305.06
1/12/2023 1:00,148.86
1/12/2023 2:00,109.48
1/12/2023 3:00,100.2
1/12/2023 4:00,108.02
1/12/2023 5:00,103.96
1/12/2023 6:00,129.61
1/12/2023 7:00,482.42
1/12/2023 8:00,860.77
1/12/2023 9:00,889.28
1/12/2023 10:00,878.88
1/12/2023 11:00,919.85
1/12/2023 12:00,747.13
1/12/2023 13:00,890.51
1/12/2023 14:00,900.82
1/12/2023 15:00,895.1
1/12/2023 16:00,719.16
1/12/2023 17:00,689.72
1/12/2023 18:00,597.45
1/12/2023 19:00,529.67
1/12/2023 20:00,592.61
1/12/2023 21:00,623.95
1/12/2023 22:00,563.53
1/12/2023 23:00,497.44
1/13/2023 0:00,247.02
1/13/2023 1:00,151.67
1/13/2023 2:00,142.06
1/13/2023 3:00,131.03
1/13/2023 4:00,146.45
1/13/2023 5:00,125.58
1/13/2023 6:00,143.56
1/13/2023 7:00,450.7
1/13/2023 8:00,844.46
1/13/2023 9:00,880.8
1/13/2023 10:00,870.3
1/13/2023 11:00,894.37
1/13/2023 12:00,735.14
1/13/2023 13:00,889.3
1/13/2023 14:00,887.5
1/13/2023 15:00,872.64
1/13/2023 16:00,752.28
1/13/2023 17:00,811.59
1/13/2023 18:00,744.14
1/13/2023 19:00,679.18
1/13/2023 20:00,748.25
1/13/2023 21:00,749.24
1/13/2023 22:00,637.67
1/13/2023 23:00,561.86
1/14/2023 0:00,268.55
1/14/2023 1:00,111.48
1/14/2023 2:00,111.22
1/14/2023 3:00,114.74
1/14/2023 4:00,111.06
1/14/2023 5:00,101.98
1/14/2023 6:00,130.32
1/14/2023 7:00,460.95
1/14/2023 8:00,860.48
1/14/2023 9:00,908.54
1/14/2023 10:00,888.71
1/14/2023 11:00,889.27
1/14/2023 12:00,708.38
1/14/2023 13:00,848.71
1/14/2023 14:00,855.32
1/14/2023 15:00,835.06
1/14/2023 16:00,709.82
1/14/2023 17:00,726.1
1/14/2023 18:00,687.91
1/14/2023 19:00,624.24
1/14/2023 20:00,712.66
1/14/2023 21:00,700.56
1/14/2023 22:00,651.5
1/14/2023 23:00,603.14
1/15/2023 0:00,279.88
1/15/2023 1:00,145.5
1/15/2023 2:00,123.84
1/15/2023 3:00,100.71
1/15/2023 4:00,124.08
1/15/2023 5:00,117.55
1/15/2023 6:00,122.6
1/15/2023 7:00,426.24
1/15/2023 8:00,761.44
1/15/2023 9:00,805.45
1/15/2023 10:00,778.27
1/15/2023 11:00,809.36
1/15/2023 12:00,619.23
1/15/2023 13:00,729.64
1/15/2023 14:00,752.76
1/15/2023 15:00,770.11
1/15/2023 16:00,675.88
1/15/2023 17:00,758.64
1/15/2023 18:00,763.89
1/15/2023 19:00,671.18
1/15/2023 20:00,697.15
1/15/2023 21:00,684.9
1/15/2023 22:00,633.83
1/15/2023 23:00,643.84
1/16/2023 0:00,310.7
1/16/2023 1:00,163.84
1/16/2023 2:00,128.48
1/16/2023 3:00,111.67
1/16/2023 4:00,139.8
1/16/2023 5:00,113.59
1/16/2023 6:00,117.5
1/16/2023 7:00,376.36
1/16/2023 8:00,598.96
1/16/2023 9:00,581.78
1/16/2023 10:00,569.72
1/16/2023 11:00,621.42
1/16/2023 12:00,510.34
1/16/2023 13:00,600.82
1/16/2023 14:00,613.26
1/16/2023 15:00,606.34
1/16/2023 16:00,519.46
1/16/2023 17:00,615.78
1/16/2023 18:00,599.26
1/16/2023 19:00,562.53
1/16/2023 20:00,612.3
1/16/2023 21:00,589.31
1/16/2023 22:00,495.66
1/16/2023 23:00,448.15
1/17/2023 0:00,204.78
1/17/2023 1:00,122.98
1/17/2023 2:00,106.58
1/17/2023 3:00,103.43
1/17/2023 4:00,111.26
1/17/2023 5:00,102.18
1/17/2023 6:00,110.84
1/17/2023 7:00,140.51
1/17/2023 8:00,236.62
1/17/2023 9:00,244.33
1/17/2023 10:00,245.6
1/17/2023 11:00,250.3
1/17/2023 12:00,236.96
1/17/2023 13:00,258.34
1/17/2023 14:00,259.52
1/17/2023 15:00,298.94
1/17/2023 16:00,314.23
1/17/2023 17:00,292.24
1/17/2023 18:00,286.56
1/17/2023 19:00,280.61
1/17/2023 20:00,291.77
1/17/2023 21:00,293.14
1/17/2023 22:00,267.88
1/17/2023 23:00,201.91
1/18/2023 0:00,102.63
1/18/2023 1:00,77.4
1/18/2023 2:00,79.32
1/18/2023 3:00,77.22
1/18/2023 4:00,73.24
1/18/2023 5:00,75.47
1/18/2023 6:00,95.66
1/18/2023 7:00,453.04
1/18/2023 8:00,826.64
1/18/2023 9:00,832.04
1/18/2023 10:00,814.94
1/18/2023 11:00,880.88
1/18/2023 12:00,756.06
1/18/2023 13:00,881.3
1/18/2023 14:00,889.54
1/18/2023 15:00,881.62
1/18/2023 16:00,723.33
1/18/2023 17:00,746.03
1/18/2023 18:00,623
1/18/2023 19:00,526.83
1/18/2023 20:00,611.52
1/18/2023 21:00,625.19
1/18/2023 22:00,575.54
1/18/2023 23:00,550.06
1/19/2023 0:00,266.02
1/19/2023 1:00,193.9
1/19/2023 2:00,207
1/19/2023 3:00,201.18
1/19/2023 4:00,200.58
1/19/2023 5:00,195.12
1/19/2023 6:00,197.76
1/19/2023 7:00,493.9
1/19/2023 8:00,844.08
1/19/2023 9:00,856.68
1/19/2023 10:00,850.52
1/19/2023 11:00,879.41
1/19/2023 12:00,732.56
1/19/2023 13:00,867.95
1/19/2023 14:00,880.42
1/19/2023 15:00,866.34
1/19/2023 16:00,734.47
1/19/2023 17:00,721.32
1/19/2023 18:00,636.11
1/19/2023 19:00,557.33
1/19/2023 20:00,620.74
1/19/2023 21:00,641.92
1/19/2023 22:00,612.87
1/19/2023 23:00,604.5
1/20/2023 0:00,338.52
1/20/2023 1:00,185.92
1/20/2023 2:00,180.68
1/20/2023 3:00,159.07
1/20/2023 4:00,189.58
1/20/2023 5:00,173.33
1/20/2023 6:00,185.82
1/20/2023 7:00,498.36
1/20/2023 8:00,842.36
1/20/2023 9:00,892.66
1/20/2023 10:00,883.88
1/20/2023 11:00,916.03
1/20/2023 12:00,745.77
1/20/2023 13:00,889.18
1/20/2023 14:00,905.25
1/20/2023 15:00,888.74
1/20/2023 16:00,767.12
1/20/2023 17:00,745.9
1/20/2023 18:00,627.38
1/20/2023 19:00,556.63
1/20/2023 20:00,647.36
1/20/2023 21:00,649.12
1/20/2023 22:00,614.62
1/20/2023 23:00,593.39
1/21/2023 0:00,293.54
1/21/2023 1:00,187.56
1/21/2023 2:00,185.28
1/21/2023 3:00,179.98
1/21/2023 4:00,188.58
1/21/2023 5:00,184.9
1/21/2023 6:00,182.11
1/21/2023 7:00,489.22
1/21/2023 8:00,826.48
1/21/2023 9:00,879.6
1/21/2023 10:00,869.48
1/21/2023 11:00,896.77
1/21/2023 12:00,715.24
1/21/2023 13:00,839.32
1/21/2023 14:00,852.3
1/21/2023 15:00,833.64
1/21/2023 16:00,671.78
1/21/2023 17:00,709.9
1/21/2023 18:00,684.98
1/21/2023 19:00,619.13
1/21/2023 20:00,690.82
1/21/2023 21:00,696.29
1/21/2023 22:00,662.4
1/21/2023 23:00,636.34
1/22/2023 0:00,317.26
1/22/2023 1:00,185.59
1/22/2023 2:00,172.04
1/22/2023 3:00,165.94
1/22/2023 4:00,172.7
1/22/2023 5:00,176.18
1/22/2023 6:00,175.14
1/22/2023 7:00,468.77
1/22/2023 8:00,822.34
1/22/2023 9:00,841.34
1/22/2023 10:00,818.05
1/22/2023 11:00,814.64
1/22/2023 12:00,641.16
1/22/2023 13:00,738.72
1/22/2023 14:00,806.04
1/22/2023 15:00,815.68
1/22/2023 16:00,729.29
1/22/2023 17:00,747.26
1/22/2023 18:00,706.22
1/22/2023 19:00,651.33
1/22/2023 20:00,664.81
1/22/2023 21:00,660.82
1/22/2023 22:00,605.4
1/22/2023 23:00,595.49
1/23/2023 0:00,319.56
1/23/2023 1:00,211.4
1/23/2023 2:00,184.31
1/23/2023 3:00,181.06
1/23/2023 4:00,191.7
1/23/2023 5:00,183.05
1/23/2023 6:00,184.96
1/23/2023 7:00,295.58
1/23/2023 8:00,516.56
1/23/2023 9:00,538.77
1/23/2023 10:00,541.12
1/23/2023 11:00,568.68
1/23/2023 12:00,548.48
1/23/2023 13:00,548.52
1/23/2023 14:00,559.81
1/23/2023 15:00,535.73
1/23/2023 16:00,456.91
1/23/2023 17:00,659.4
1/23/2023 18:00,639.78
1/23/2023 19:00,593.02
1/23/2023 20:00,539.06
1/23/2023 21:00,520.39
1/23/2023 22:00,499.85
1/23/2023 23:00,427.94
1/24/2023 0:00,231.88
1/24/2023 1:00,79.55
1/24/2023 2:00,75.6
1/24/2023 3:00,72.59
1/24/2023 4:00,76.49
1/24/2023 5:00,79.46
1/24/2023 6:00,73.36
1/24/2023 7:00,92.7
1/24/2023 8:00,143.61
1/24/2023 9:00,155.83
1/24/2023 10:00,163.01
1/24/2023 11:00,154.26
1/24/2023 12:00,145.12
1/24/2023 13:00,156.51
1/24/2023 14:00,165.32
1/24/2023 15:00,181.62
1/24/2023 16:00,245.04
1/24/2023 17:00,260.68
1/24/2023 18:00,266.27
1/24/2023 19:00,240.56
1/24/2023 20:00,237.92
1/24/2023 21:00,246
1/24/2023 22:00,237.84
1/24/2023 23:00,189.43
1/25/2023 0:00,125.02
1/25/2023 1:00,62.13
1/25/2023 2:00,54.96
1/25/2023 3:00,54.52
1/25/2023 4:00,50.88
1/25/2023 5:00,51.7
1/25/2023 6:00,96.68
1/25/2023 7:00,564.5
1/25/2023 8:00,801.02
1/25/2023 9:00,880.24
1/25/2023 10:00,882.62
1/25/2023 11:00,874.35
1/25/2023 12:00,716.05
1/25/2023 13:00,801.74
1/25/2023 14:00,815.27
1/25/2023 15:00,817.91
1/25/2023 16:00,683.72
1/25/2023 17:00,741.62
1/25/2023 18:00,726.69
1/25/2023 19:00,633.54
1/25/2023 20:00,678.25
1/25/2023 21:00,694.86
1/25/2023 22:00,639.52
1/25/2023 23:00,581.39
1/26/2023 0:00,312.44
1/26/2023 1:00,196.95
1/26/2023 2:00,178.22
1/26/2023 3:00,178.5
1/26/2023 4:00,193.96
1/26/2023 5:00,181.36
1/26/2023 6:00,196.86
1/26/2023 7:00,522.53
1/26/2023 8:00,869.79
1/26/2023 9:00,899.32
1/26/2023 10:00,869.02
1/26/2023 11:00,860.89
1/26/2023 12:00,702.16
1/26/2023 13:00,798.22
1/26/2023 14:00,822.7
1/26/2023 15:00,835.15
1/26/2023 16:00,735.44
1/26/2023 17:00,773.27
1/26/2023 18:00,696.5
1/26/2023 19:00,550.56
1/26/2023 20:00,620.49
1/26/2023 21:00,617.88
1/26/2023 22:00,602.07
1/26/2023 23:00,568.48
1/27/2023 0:00,308.09
1/27/2023 1:00,192.4
1/27/2023 2:00,202.44
1/27/2023 3:00,180.9
1/27/2023 4:00,193.74
1/27/2023 5:00,182.26
1/27/2023 6:00,187.44
1/27/2023 7:00,504.81
1/27/2023 8:00,859.66
1/27/2023 9:00,904.44
1/27/2023 10:00,882.44
1/27/2023 11:00,864.26
1/27/2023 12:00,736.06
1/27/2023 13:00,838.96
1/27/2023 14:00,847.04
1/27/2023 15:00,811.32
1/27/2023 16:00,690.96
1/27/2023 17:00,714.2
1/27/2023 18:00,689.76
1/27/2023 19:00,621.95
1/27/2023 20:00,683.06
1/27/2023 21:00,715.32
1/27/2023 22:00,697.76
1/27/2023 23:00,683.55
1/28/2023 0:00,340.88
1/28/2023 1:00,224.26
1/28/2023 2:00,215.89
1/28/2023 3:00,189.24
1/28/2023 4:00,213.48
1/28/2023 5:00,197.8
1/28/2023 6:00,219.98
1/28/2023 7:00,525.41
1/28/2023 8:00,846.42
1/28/2023 9:00,873.3
1/28/2023 10:00,897.8
1/28/2023 11:00,869.41
1/28/2023 12:00,761.52
1/28/2023 13:00,849.9
1/28/2023 14:00,843.38
1/28/2023 15:00,832.24
1/28/2023 16:00,733.92
1/28/2023 17:00,751
1/28/2023 18:00,706.26
1/28/2023 19:00,591.86
1/28/2023 20:00,666.79
1/28/2023 21:00,690.6
1/28/2023 22:00,624.78
1/28/2023 23:00,615.89
1/29/2023 0:00,329.99
1/29/2023 1:00,217.37
1/29/2023 2:00,206.46
1/29/2023 3:00,190.48
1/29/2023 4:00,202.4
1/29/2023 5:00,192.82
1/29/2023 6:00,206.58
1/29/2023 7:00,490.65
1/29/2023 8:00,846.18
1/29/2023 9:00,859.17
1/29/2023 10:00,864.84
1/29/2023 11:00,867.17
1/29/2023 12:00,659.6
1/29/2023 13:00,807.4
1/29/2023 14:00,842.76
1/29/2023 15:00,840.24
1/29/2023 16:00,689.85
1/29/2023 17:00,750.11
1/29/2023 18:00,722.46
1/29/2023 19:00,622.09
1/29/2023 20:00,638.17
1/29/2023 21:00,645.62
1/29/2023 22:00,563.89
1/29/2023 23:00,426.02
1/30/2023 0:00,269.67
1/30/2023 1:00,198.64
1/30/2023 2:00,193.96
1/30/2023 3:00,188.94
1/30/2023 4:00,194.2
1/30/2023 5:00,181.5
1/30/2023 6:00,177.5
1/30/2023 7:00,176.64
1/30/2023 8:00,285.3
1/30/2023 9:00,287.99
1/30/2023 10:00,274.09
1/30/2023 11:00,278.8
1/30/2023 12:00,235.84
1/30/2023 13:00,284.01
1/30/2023 14:00,297.58
1/30/2023 15:00,324.9
1/30/2023 16:00,387.34
1/30/2023 17:00,444.53
1/30/2023 18:00,440.76
1/30/2023 19:00,431.98
1/30/2023 20:00,422.89
1/30/2023 21:00,327.89
1/30/2023 22:00,385.7
1/30/2023 23:00,361
1/31/2023 0:00,191.03
1/31/2023 1:00,83.49
1/31/2023 2:00,67.22
1/31/2023 3:00,68.22
1/31/2023 4:00,67.13
1/31/2023 5:00,68.49
1/31/2023 6:00,81.24
1/31/2023 7:00,155.39
1/31/2023 8:00,241.76
1/31/2023 9:00,273.46
1/31/2023 10:00,266.84
1/31/2023 11:00,275.41
1/31/2023 12:00,253.04
1/31/2023 13:00,257.1
1/31/2023 14:00,261.91
1/31/2023 15:00,228.76
1/31/2023 16:00,139.92
1/31/2023 17:00,103.96
1/31/2023 18:00,102.55
1/31/2023 19:00,103.56
1/31/2023 20:00,64.35
1/31/2023 21:00,51.51
1/31/2023 22:00,50.67
1/31/2023 23:00,49.94
2/1/2023 0:00,48.22
2/1/2023 1:00,48.57
2/1/2023 2:00,49.16
2/1/2023 3:00,43.94
2/1/2023 4:00,46.89
2/1/2023 5:00,48.06
2/1/2023 6:00,86.99
2/1/2023 7:00,454.76
2/1/2023 8:00,795.41
2/1/2023 9:00,819.08
2/1/2023 10:00,836.25
2/1/2023 11:00,831.51
2/1/2023 12:00,700.56
2/1/2023 13:00,792.38
2/1/2023 14:00,824.97
2/1/2023 15:00,817.66
2/1/2023 16:00,702.7
2/1/2023 17:00,737.16
2/1/2023 18:00,667.07
2/1/2023 19:00,554
2/1/2023 20:00,615.38
2/1/2023 21:00,610.75
2/1/2023 22:00,562.04
2/1/2023 23:00,558.81
2/2/2023 0:00,296.23
2/2/2023 1:00,163.1
2/2/2023 2:00,143.98
2/2/2023 3:00,139.66
2/2/2023 4:00,150.39
2/2/2023 5:00,142.74
2/2/2023 6:00,159.3
2/2/2023 7:00,489.12
2/2/2023 8:00,816.24
2/2/2023 9:00,830.39
2/2/2023 10:00,800.66
2/2/2023 11:00,836.76
2/2/2023 12:00,698.6
2/2/2023 13:00,800.22
2/2/2023 14:00,840.22
2/2/2023 15:00,788.23
2/2/2023 16:00,662.06
2/2/2023 17:00,724.78
2/2/2023 18:00,640.48
2/2/2023 19:00,545.28
2/2/2023 20:00,611.8
2/2/2023 21:00,606.07
2/2/2023 22:00,578.9
2/2/2023 23:00,564.93
2/3/2023 0:00,331.7
2/3/2023 1:00,138.42
2/3/2023 2:00,129.72
2/3/2023 3:00,135.36
2/3/2023 4:00,133.5
2/3/2023 5:00,120.84
2/3/2023 6:00,153.64
2/3/2023 7:00,475.39
2/3/2023 8:00,806.5
2/3/2023 9:00,831.73
2/3/2023 10:00,807.84
2/3/2023 11:00,818.98
2/3/2023 12:00,684
2/3/2023 13:00,793.3
2/3/2023 14:00,830.34
2/3/2023 15:00,791.62
2/3/2023 16:00,686.37
2/3/2023 17:00,735.88
2/3/2023 18:00,649.42
2/3/2023 19:00,545.35
2/3/2023 20:00,603.37
2/3/2023 21:00,610.42
2/3/2023 22:00,574.74
2/3/2023 23:00,576.91
2/4/2023 0:00,295.15
2/4/2023 1:00,179.99
2/4/2023 2:00,181.66
2/4/2023 3:00,173.14
2/4/2023 4:00,169.5
2/4/2023 5:00,156.38
2/4/2023 6:00,179.58
2/4/2023 7:00,536.82
2/4/2023 8:00,803.86
2/4/2023 9:00,821.31
2/4/2023 10:00,794.56
2/4/2023 11:00,827.61
2/4/2023 12:00,674.43
2/4/2023 13:00,797.02
2/4/2023 14:00,824.64
2/4/2023 15:00,791.92
2/4/2023 16:00,658.61
2/4/2023 17:00,708.32
2/4/2023 18:00,619.16
2/4/2023 19:00,546.94
2/4/2023 20:00,632.05
2/4/2023 21:00,647.62
2/4/2023 22:00,579.83
2/4/2023 23:00,569.43
2/5/2023 0:00,307.88
2/5/2023 1:00,198.19
2/5/2023 2:00,153.76
2/5/2023 3:00,160.07
2/5/2023 4:00,187.03
2/5/2023 5:00,174.54
2/5/2023 6:00,201.26
2/5/2023 7:00,453.46
2/5/2023 8:00,730.34
2/5/2023 9:00,792.21
2/5/2023 10:00,754.84
2/5/2023 11:00,791.32
2/5/2023 12:00,571.79
2/5/2023 13:00,730.12
2/5/2023 14:00,775.55
2/5/2023 15:00,755.34
2/5/2023 16:00,667.5
2/5/2023 17:00,723.06
2/5/2023 18:00,709.59
2/5/2023 19:00,645.64
2/5/2023 20:00,692.39
2/5/2023 21:00,631.8
2/5/2023 22:00,583.51
2/5/2023 23:00,551.62
2/6/2023 0:00,269.88
2/6/2023 1:00,204.7
2/6/2023 2:00,191.12
2/6/2023 3:00,171.94
2/6/2023 4:00,191.35
2/6/2023 5:00,165.82
2/6/2023 6:00,152.16
2/6/2023 7:00,143.13
2/6/2023 8:00,213.44
2/6/2023 9:00,228.53
2/6/2023 10:00,222.34
2/6/2023 11:00,250.84
2/6/2023 12:00,240.42
2/6/2023 13:00,264.97
2/6/2023 14:00,308.5
2/6/2023 15:00,317.88
2/6/2023 16:00,387.49
2/6/2023 17:00,358.62
2/6/2023 18:00,358.32
2/6/2023 19:00,318.53
2/6/2023 20:00,329.86
2/6/2023 21:00,327.12
2/6/2023 22:00,307.84
2/6/2023 23:00,282.58
2/7/2023 0:00,145.76
2/7/2023 1:00,87.1
2/7/2023 2:00,83.8
2/7/2023 3:00,78.18
2/7/2023 4:00,74.85
2/7/2023 5:00,81.69
2/7/2023 6:00,81.62
2/7/2023 7:00,79.14
2/7/2023 8:00,84.45
2/7/2023 9:00,99.88
2/7/2023 10:00,118.3
2/7/2023 11:00,114.12
2/7/2023 12:00,125.86
2/7/2023 13:00,99.1
2/7/2023 14:00,104.88
2/7/2023 15:00,97.62
2/7/2023 16:00,144.54
2/7/2023 17:00,77.82
2/7/2023 18:00,76.29
2/7/2023 19:00,75.24
2/7/2023 20:00,71.35
2/7/2023 21:00,74.42
2/7/2023 22:00,74.13
2/7/2023 23:00,69.79
2/8/2023 0:00,75.99
2/8/2023 1:00,76
2/8/2023 2:00,74.77
2/8/2023 3:00,76.46
2/8/2023 4:00,73.41
2/8/2023 5:00,78.38
2/8/2023 6:00,139.05
2/8/2023 7:00,431.54
2/8/2023 8:00,775.75
2/8/2023 9:00,821.96
2/8/2023 10:00,817.1
2/8/2023 11:00,855.07
2/8/2023 12:00,708.72
2/8/2023 13:00,847.82
2/8/2023 14:00,851.32
2/8/2023 15:00,836.28
2/8/2023 16:00,743.02
2/8/2023 17:00,738.34
2/8/2023 18:00,666.34
2/8/2023 19:00,587.97
2/8/2023 20:00,642.34
2/8/2023 21:00,589.89
2/8/2023 22:00,543.94
2/8/2023 23:00,550.29
2/9/2023 0:00,328.8
2/9/2023 1:00,214.18
2/9/2023 2:00,199.01
2/9/2023 3:00,187.44
2/9/2023 4:00,197.18
2/9/2023 5:00,159.01
2/9/2023 6:00,178.26
2/9/2023 7:00,475.46
2/9/2023 8:00,808.12
2/9/2023 9:00,851.56
2/9/2023 10:00,834.44
2/9/2023 11:00,849.86
2/9/2023 12:00,694.58
2/9/2023 13:00,836.96
2/9/2023 14:00,855.74
2/9/2023 15:00,829.24
2/9/2023 16:00,688.9
2/9/2023 17:00,673.36
2/9/2023 18:00,596.56
2/9/2023 19:00,535.95
2/9/2023 20:00,623.48
2/9/2023 21:00,615.76
2/9/2023 22:00,567.78
2/9/2023 23:00,591.66
2/10/2023 0:00,325.54
2/10/2023 1:00,177.85
2/10/2023 2:00,178.36
2/10/2023 3:00,157.31
2/10/2023 4:00,160.88
2/10/2023 5:00,151.47
2/10/2023 6:00,184.3
2/10/2023 7:00,503.58
2/10/2023 8:00,824.1
2/10/2023 9:00,860.63
2/10/2023 10:00,817.28
2/10/2023 11:00,861.84
2/10/2023 12:00,705.36
2/10/2023 13:00,843.18
2/10/2023 14:00,851.48
2/10/2023 15:00,823.68
2/10/2023 16:00,627.14
2/10/2023 17:00,676.84
2/10/2023 18:00,600.6
2/10/2023 19:00,545.35
2/10/2023 20:00,623.47
2/10/2023 21:00,617.98
2/10/2023 22:00,575.46
2/10/2023 23:00,569.47
2/11/2023 0:00,391.46
2/11/2023 1:00,176.71
2/11/2023 2:00,154.94
2/11/2023 3:00,145.32
2/11/2023 4:00,156.2
2/11/2023 5:00,142.74
2/11/2023 6:00,179.78
2/11/2023 7:00,478.54
2/11/2023 8:00,777.14
2/11/2023 9:00,808.26
2/11/2023 10:00,791
2/11/2023 11:00,800.77
2/11/2023 12:00,643.37
2/11/2023 13:00,761.2
2/11/2023 14:00,807.05
2/11/2023 15:00,776.68
2/11/2023 16:00,622.42
2/11/2023 17:00,651.88
2/11/2023 18:00,601.42
2/11/2023 19:00,521.52
2/11/2023 20:00,667.26
2/11/2023 21:00,641.13
2/11/2023 22:00,511.08
2/11/2023 23:00,461.75
2/12/2023 0:00,266.61
2/12/2023 1:00,180.27
2/12/2023 2:00,157.3
2/12/2023 3:00,140.1
2/12/2023 4:00,147.1
2/12/2023 5:00,129.61
2/12/2023 6:00,131.6
2/12/2023 7:00,139.89
2/12/2023 8:00,154.08
2/12/2023 9:00,182.77
2/12/2023 10:00,186.27
2/12/2023 11:00,179.7
2/12/2023 12:00,184.2
2/12/2023 13:00,193.56
2/12/2023 14:00,201.7
2/12/2023 15:00,189.1
2/12/2023 16:00,130.2
2/12/2023 17:00,49.04
2/12/2023 18:00,52.3
2/12/2023 19:00,51.78
2/12/2023 20:00,48.7
2/12/2023 21:00,49.63
2/12/2023 22:00,49.82
2/12/2023 23:00,51.36
2/13/2023 0:00,47.04
2/13/2023 1:00,47.42
2/13/2023 2:00,48.82
2/13/2023 3:00,44.24
2/13/2023 4:00,47.26
2/13/2023 5:00,47.26
2/13/2023 6:00,43.64
2/13/2023 7:00,67.63
2/13/2023 8:00,88.86
2/13/2023 9:00,92.06
2/13/2023 10:00,101.44
2/13/2023 11:00,90.4
2/13/2023 12:00,79.84
2/13/2023 13:00,86.11
2/13/2023 14:00,108.18
2/13/2023 15:00,90.11
2/13/2023 16:00,75.32
2/13/2023 17:00,68.32
2/13/2023 18:00,48.52
2/13/2023 19:00,53.12
2/13/2023 20:00,54.64
2/13/2023 21:00,50.24
2/13/2023 22:00,52.05
2/13/2023 23:00,51.26
2/14/2023 0:00,44.6
2/14/2023 1:00,42.56
2/14/2023 2:00,41.68
2/14/2023 3:00,40.48
2/14/2023 4:00,42.46
2/14/2023 5:00,42.49
2/14/2023 6:00,41
2/14/2023 7:00,94.42
2/14/2023 8:00,121.29
2/14/2023 9:00,118.96
2/14/2023 10:00,118.88
2/14/2023 11:00,134.51
2/14/2023 12:00,137.74
2/14/2023 13:00,166.14
2/14/2023 14:00,168.88
2/14/2023 15:00,163.98
2/14/2023 16:00,295.42
2/14/2023 17:00,307.3
2/14/2023 18:00,348.05
2/14/2023 19:00,330.96
2/14/2023 20:00,336.86
2/14/2023 21:00,349.22
2/14/2023 22:00,356.36
2/14/2023 23:00,339.73
2/15/2023 0:00,220.49
2/15/2023 1:00,82.68
2/15/2023 2:00,86.6
2/15/2023 3:00,85.65
2/15/2023 4:00,79.6
2/15/2023 5:00,86.6
2/15/2023 6:00,146.6
2/15/2023 7:00,458.26
2/15/2023 8:00,817.69
2/15/2023 9:00,866.88
2/15/2023 10:00,842.33
2/15/2023 11:00,867.46
2/15/2023 12:00,705.92
2/15/2023 13:00,851.04
2/15/2023 14:00,863.32
2/15/2023 15:00,840.71
2/15/2023 16:00,709.56
2/15/2023 17:00,693.56
2/15/2023 18:00,654.66
2/15/2023 19:00,589.23
2/15/2023 20:00,680.44
2/15/2023 21:00,666.28
2/15/2023 22:00,582.42
2/15/2023 23:00,533.1
2/16/2023 0:00,274.2
2/16/2023 1:00,176.7
2/16/2023 2:00,158.95
2/16/2023 3:00,145.17
2/16/2023 4:00,158.2
2/16/2023 5:00,141.03
2/16/2023 6:00,182.12
2/16/2023 7:00,506.72
2/16/2023 8:00,841.84
2/16/2023 9:00,875.11
2/16/2023 10:00,845.8
2/16/2023 11:00,907.77
2/16/2023 12:00,739.58
2/16/2023 13:00,885.8
2/16/2023 14:00,902.56
2/16/2023 15:00,823.3
2/16/2023 16:00,744.72
2/16/2023 17:00,833.06
2/16/2023 18:00,713.92
2/16/2023 19:00,622.39
2/16/2023 20:00,712.58
2/16/2023 21:00,704.54
2/16/2023 22:00,610.13
2/16/2023 23:00,596.27
2/17/2023 0:00,267.88
2/17/2023 1:00,203.84
2/17/2023 2:00,168.17
2/17/2023 3:00,157.61
2/17/2023 4:00,175.45
2/17/2023 5:00,150.1
2/17/2023 6:00,194.55
2/17/2023 7:00,585
2/17/2023 8:00,855.03
2/17/2023 9:00,871
2/17/2023 10:00,855.75
2/17/2023 11:00,893.44
2/17/2023 12:00,724.02
2/17/2023 13:00,878.2
2/17/2023 14:00,905.52
2/17/2023 15:00,852.64
2/17/2023 16:00,750.04
2/17/2023 17:00,832.02
2/17/2023 18:00,801.55
2/17/2023 19:00,709.01
2/17/2023 20:00,724.88
2/17/2023 21:00,657.64
2/17/2023 22:00,574.81
2/17/2023 23:00,567.93
2/18/2023 0:00,298.2
2/18/2023 1:00,175.3
2/18/2023 2:00,159.48
2/18/2023 3:00,149.82
2/18/2023 4:00,162.95
2/18/2023 5:00,150.6
2/18/2023 6:00,205.07
2/18/2023 7:00,568.85
2/18/2023 8:00,885.97
2/18/2023 9:00,880.52
2/18/2023 10:00,853.14
2/18/2023 11:00,877.35
2/18/2023 12:00,724.82
2/18/2023 13:00,842.8
2/18/2023 14:00,851.78
2/18/2023 15:00,804.9
2/18/2023 16:00,682.66
2/18/2023 17:00,751.75
2/18/2023 18:00,635.64
2/18/2023 19:00,577.72
2/18/2023 20:00,659.9
2/18/2023 21:00,656.84
2/18/2023 22:00,513.76
2/18/2023 23:00,506.63
2/19/2023 0:00,254.28
2/19/2023 1:00,181.62
2/19/2023 2:00,163.82
2/19/2023 3:00,149.83
2/19/2023 4:00,165.18
2/19/2023 5:00,152.82
2/19/2023 6:00,201.19
2/19/2023 7:00,509.76
2/19/2023 8:00,772.12
2/19/2023 9:00,790.35
2/19/2023 10:00,765.89
2/19/2023 11:00,797.46
2/19/2023 12:00,575.78
2/19/2023 13:00,727.71
2/19/2023 14:00,798.9
2/19/2023 15:00,769.46
2/19/2023 16:00,665.3
2/19/2023 17:00,699.74
2/19/2023 18:00,647.49
2/19/2023 19:00,577.76
2/19/2023 20:00,661.25
2/19/2023 21:00,619.92
2/19/2023 22:00,520.29
2/19/2023 23:00,424.56
2/20/2023 0:00,205.76
2/20/2023 1:00,156.92
2/20/2023 2:00,141.67
2/20/2023 3:00,131.39
2/20/2023 4:00,149.38
2/20/2023 5:00,134.08
2/20/2023 6:00,124.5
2/20/2023 7:00,125.94
2/20/2023 8:00,187.33
2/20/2023 9:00,210.5
2/20/2023 10:00,215.13
2/20/2023 11:00,224.9
2/20/2023 12:00,208.32
2/20/2023 13:00,240.94
2/20/2023 14:00,276.2
2/20/2023 15:00,316.48
2/20/2023 16:00,393.6
2/20/2023 17:00,412.11
2/20/2023 18:00,409.94
2/20/2023 19:00,418.3
2/20/2023 20:00,409.25
2/20/2023 21:00,375.4
2/20/2023 22:00,349.84
2/20/2023 23:00,324.09
2/21/2023 0:00,197.98
2/21/2023 1:00,110.96
2/21/2023 2:00,75.68
2/21/2023 3:00,76.48
2/21/2023 4:00,72.99
2/21/2023 5:00,76.94
2/21/2023 6:00,74.36
2/21/2023 7:00,114.36
2/21/2023 8:00,147.83
2/21/2023 9:00,154.91
2/21/2023 10:00,179.01
2/21/2023 11:00,194.42
2/21/2023 12:00,184.63
2/21/2023 13:00,190.24
2/21/2023 14:00,179.94
2/21/2023 15:00,166.14
2/21/2023 16:00,118.69
2/21/2023 17:00,111.6
2/21/2023 18:00,103.02
2/21/2023 19:00,118.39
2/21/2023 20:00,118.12
2/21/2023 21:00,116.25
2/21/2023 22:00,106.08
2/21/2023 23:00,118.47
2/22/2023 0:00,116.6
2/22/2023 1:00,119.94
2/22/2023 2:00,118.68
2/22/2023 3:00,119.5
2/22/2023 4:00,120.89
2/22/2023 5:00,120.42
2/22/2023 6:00,163.68
2/22/2023 7:00,556.4
2/22/2023 8:00,848.02
2/22/2023 9:00,868.28
2/22/2023 10:00,846.98
2/22/2023 11:00,898.84
2/22/2023 12:00,734.12
2/22/2023 13:00,814.86
2/22/2023 14:00,839.75
2/22/2023 15:00,843.29
2/22/2023 16:00,716.98
2/22/2023 17:00,752.26
2/22/2023 18:00,692.86
2/22/2023 19:00,576.7
2/22/2023 20:00,634.86
2/22/2023 21:00,590.43
2/22/2023 22:00,549.84
2/22/2023 23:00,541.93
2/23/2023 0:00,301.77
2/23/2023 1:00,179.26
2/23/2023 2:00,171.43
2/23/2023 3:00,148.72
2/23/2023 4:00,155.44
2/23/2023 5:00,150.29
2/23/2023 6:00,207.26
2/23/2023 7:00,605.07
2/23/2023 8:00,847.16
2/23/2023 9:00,863.86
2/23/2023 10:00,847.89
2/23/2023 11:00,879.38
2/23/2023 12:00,735.26
2/23/2023 13:00,853.08
2/23/2023 14:00,856.36
2/23/2023 15:00,823.46
2/23/2023 16:00,654.96
2/23/2023 17:00,667.11
2/23/2023 18:00,648.86
2/23/2023 19:00,577.52
2/23/2023 20:00,577.53
2/23/2023 21:00,550.82
2/23/2023 22:00,489.76
2/23/2023 23:00,469.87
2/24/2023 0:00,289.51
2/24/2023 1:00,181.78
2/24/2023 2:00,153.29
2/24/2023 3:00,136.86
2/24/2023 4:00,155.99
2/24/2023 5:00,162.6
2/24/2023 6:00,223.24
2/24/2023 7:00,582.48
2/24/2023 8:00,833.17
2/24/2023 9:00,851.47
2/24/2023 10:00,834.49
2/24/2023 11:00,867.76
2/24/2023 12:00,714.32
2/24/2023 13:00,849.09
2/24/2023 14:00,860.78
2/24/2023 15:00,812.78
2/24/2023 16:00,689.58
2/24/2023 17:00,765.3
2/24/2023 18:00,671.86
2/24/2023 19:00,559.58
2/24/2023 20:00,633.79
2/24/2023 21:00,629.55
2/24/2023 22:00,543.31
2/24/2023 23:00,548.82
2/25/2023 0:00,258.74
2/25/2023 1:00,176.36
2/25/2023 2:00,172.62
2/25/2023 3:00,153.7
2/25/2023 4:00,169.12
2/25/2023 5:00,154.17
2/25/2023 6:00,205.26
2/25/2023 7:00,561.99
2/25/2023 8:00,808.62
2/25/2023 9:00,837
2/25/2023 10:00,828.02
2/25/2023 11:00,859.7
2/25/2023 12:00,690.92
2/25/2023 13:00,821.11
2/25/2023 14:00,852.7
2/25/2023 15:00,838.14
2/25/2023 16:00,641.99
2/25/2023 17:00,696.7
2/25/2023 18:00,669.66
2/25/2023 19:00,583.96
2/25/2023 20:00,637.98
2/25/2023 21:00,575.33
2/25/2023 22:00,494.38
2/25/2023 23:00,498.77
2/26/2023 0:00,291.72
2/26/2023 1:00,203.53
2/26/2023 2:00,201.96
2/26/2023 3:00,188.77
2/26/2023 4:00,202.5
2/26/2023 5:00,193.24
2/26/2023 6:00,213.85
2/26/2023 7:00,496
2/26/2023 8:00,762.38
2/26/2023 9:00,772.52
2/26/2023 10:00,738.4
2/26/2023 11:00,769.02
2/26/2023 12:00,579.1
2/26/2023 13:00,748.22
2/26/2023 14:00,788.42
2/26/2023 15:00,754.98
2/26/2023 16:00,704.27
2/26/2023 17:00,738.44
2/26/2023 18:00,671.5
2/26/2023 19:00,639.35
2/26/2023 20:00,647.1
2/26/2023 21:00,615.75
2/26/2023 22:00,556.63
2/26/2023 23:00,476.9
2/27/2023 0:00,259.68
2/27/2023 1:00,149.62
2/27/2023 2:00,141.3
2/27/2023 3:00,122.34
2/27/2023 4:00,137.77
2/27/2023 5:00,119.55
2/27/2023 6:00,130.34
2/27/2023 7:00,139.84
2/27/2023 8:00,184.96
2/27/2023 9:00,201.22
2/27/2023 10:00,208.44
2/27/2023 11:00,215.66
2/27/2023 12:00,202.94
2/27/2023 13:00,211.32
2/27/2023 14:00,233.81
2/27/2023 15:00,334.9
2/27/2023 16:00,358.14
2/27/2023 17:00,329.9
2/27/2023 18:00,323.78
2/27/2023 19:00,317.37
2/27/2023 20:00,319.98
2/27/2023 21:00,327.62
2/27/2023 22:00,321.61
2/27/2023 23:00,286.02
2/28/2023 0:00,159.43
2/28/2023 1:00,113.06
2/28/2023 2:00,114.94
2/28/2023 3:00,112.62
2/28/2023 4:00,104.96
2/28/2023 5:00,120.34
2/28/2023 6:00,113.31
2/28/2023 7:00,101.88
2/28/2023 8:00,91.74
2/28/2023 9:00,120.11
2/28/2023 10:00,128.98
2/28/2023 11:00,132.06
2/28/2023 12:00,116.1
2/28/2023 13:00,103.92
2/28/2023 14:00,110.98
2/28/2023 15:00,114.34
2/28/2023 16:00,99.66
2/28/2023 17:00,109.66
2/28/2023 18:00,84.77
2/28/2023 19:00,99.14
2/28/2023 20:00,93.82
2/28/2023 21:00,84.84
2/28/2023 22:00,91.3
2/28/2023 23:00,89.98
