1/2/2023 12:30,337.61
1/2/2023 13:00,0
1/2/2023 13:30,324.27
1/2/2023 14:00,0
1/2/2023 14:30,355.34
1/2/2023 15:00,295.11
1/2/2023 15:30,309.96
1/2/2023 16:00,373.22
1/2/2023 16:30,316.05
1/2/2023 17:00,0
1/2/2023 17:30,378.03
1/2/2023 18:00,308.14
1/2/2023 18:30,286.84
1/2/2023 19:00,0
1/2/2023 19:30,0
1/2/2023 20:00,330.51
1/2/2023 20:30,366.03
1/2/2023 21:00,317.17
1/2/2023 21:30,315.42
1/2/2023 22:00,369.09
1/2/2023 22:30,292.99
1/2/2023 23:00,0
1/2/2023 23:30,0
1/3/2023 0:00,322.6
1/3/2023 0:30,323.01
1/3/2023 1:00,362.9
1/3/2023 1:30,320.74
1/3/2023 2:00,315.17
1/3/2023 2:30,0
1/3/2023 3:00,286.63
1/3/2023 3:30,284.15
1/3/2023 4:00,0
1/3/2023 4:30,313.3
1/3/2023 5:00,316.93
1/3/2023 5:30,362.77
1/3/2023 6:00,313.58
1/3/2023 6:30,290.85
1/3/2023 7:00,319.47
1/3/2023 7:30,301.22
1/3/2023 8:00,294.48
1/3/2023 8:30,361.25
1/3/2023 9:00,0
1/3/2023 9:30,344.26
1/3/2023 10:00,413.34
1/3/2023 10:30,351.86
1/3/2023 11:00,311.35
1/3/2023 11:30,313.77
1/3/2023 12:00,326.04
1/3/2023 12:30,527.43
1/3/2023 13:00,332.36
1/3/2023 13:30,352.85
1/3/2023 14:00,336.75
1/3/2023 14:30,0
1/3/2023 15:00,311.31
1/3/2023 15:30,303.35
1/3/2023 16:00,302.55
1/3/2023 16:30,0
1/3/2023 17:00,320.73
1/3/2023 17:30,334.07
1/3/2023 18:00,0
1/3/2023 18:30,369.87
1/3/2023 19:00,295.82
1/3/2023 19:30,291.91
1/3/2023 20:00,331.97
1/3/2023 20:30,310.46
1/3/2023 21:00,336.08
1/3/2023 21:30,357.49
1/3/2023 22:00,0
1/3/2023 22:30,334.76
1/3/2023 23:00,334.44
1/3/2023 23:30,362.75
1/4/2023 0:00,354.85
1/4/2023 0:30,0
1/4/2023 1:00,0
1/4/2023 1:30,374.95
1/4/2023 2:00,373.62
1/4/2023 2:30,411.22
1/4/2023 3:00,369.69
1/4/2023 3:30,339.03
1/4/2023 4:00,384.34
1/4/2023 4:30,334.25
1/4/2023 5:00,373.69
1/4/2023 5:30,0
1/4/2023 6:00,380.41
1/4/2023 6:30,825.36
1/4/2023 7:00,1153.61
1/4/2023 7:30,1467.61
1/4/2023 8:00,0
1/4/2023 8:30,0
1/4/2023 9:00,0
1/4/2023 9:30,4270.32
1/4/2023 10:00,0
1/4/2023 10:30,0
1/4/2023 11:00,4656.77
1/4/2023 11:30,4757.44
1/4/2023 12:00,4200.19
1/4/2023 12:30,0
1/4/2023 13:00,4627.52
1/4/2023 13:30,0
1/4/2023 14:00,0
1/4/2023 14:30,5024.22
1/4/2023 15:00,0
1/4/2023 15:30,5013.99
1/4/2023 16:00,0
1/4/2023 16:30,3808.29
1/4/2023 17:00,4004.97
1/4/2023 17:30,3924.66
1/4/2023 18:00,3869.59
1/4/2023 18:30,3046.2
1/4/2023 19:00,2929.5
1/4/2023 19:30,2995.21
1/4/2023 20:00,3032.41
1/4/2023 20:30,0
1/4/2023 21:00,3023.74
1/4/2023 21:30,2967.48
1/4/2023 22:00,2966.15
1/4/2023 22:30,2711.99
1/4/2023 23:00,2848.84
1/4/2023 23:30,2742.2
1/5/2023 0:00,1971.33
1/5/2023 0:30,0
1/5/2023 1:00,0
1/5/2023 1:30,441.44
1/5/2023 2:00,0
1/5/2023 2:30,503.53
1/5/2023 3:00,0
1/5/2023 3:30,451.91
1/5/2023 4:00,509.13
1/5/2023 4:30,483.94
1/5/2023 5:00,446.78
1/5/2023 5:30,0
1/5/2023 6:00,436.58
1/5/2023 6:30,752.35
1/5/2023 7:00,0
1/5/2023 7:30,0
1/5/2023 8:00,0
1/5/2023 8:30,5865.75
1/5/2023 9:00,0
1/5/2023 9:30,5719.37
1/5/2023 10:00,0
1/5/2023 10:30,0
1/5/2023 11:00,0
1/5/2023 11:30,5901.09
1/5/2023 12:00,4814.53
1/5/2023 12:30,4633.28
1/5/2023 13:00,0
1/5/2023 13:30,0
1/5/2023 14:00,0
1/5/2023 14:30,5788.63
1/5/2023 15:00,0
1/5/2023 15:30,0
1/5/2023 16:00,0
1/5/2023 16:30,0
1/5/2023 17:00,0
1/5/2023 17:30,4146.73
1/5/2023 18:00,3913.13
1/5/2023 18:30,3264.93
1/5/2023 19:00,2986.01
1/5/2023 19:30,3395.22
1/5/2023 20:00,0
1/5/2023 20:30,3951.11
1/5/2023 21:00,3592.38
1/5/2023 21:30,0
1/5/2023 22:00,3432.84
1/5/2023 22:30,3097.83
1/5/2023 23:00,0
1/5/2023 23:30,3258.46
1/6/2023 0:00,2199.27
1/6/2023 0:30,1053.31
1/6/2023 1:00,563.07
1/6/2023 1:30,482.53
1/6/2023 2:00,489
1/6/2023 2:30,499.19
1/6/2023 3:00,455.42
1/6/2023 3:30,451.64
1/6/2023 4:00,475.69
1/6/2023 4:30,456.48
1/6/2023 5:00,422.21
1/6/2023 5:30,447.57
1/6/2023 6:00,425.29
1/6/2023 6:30,374.49
1/6/2023 7:00,1280.76
1/6/2023 7:30,4587.1
1/6/2023 8:00,0
1/6/2023 8:30,0
1/6/2023 9:00,0
1/6/2023 9:30,5741.58
1/6/2023 10:00,5445.96
1/6/2023 10:30,0
1/6/2023 11:00,5909.21
1/6/2023 11:30,5947.04
1/6/2023 12:00,4883.77
1/6/2023 12:30,0
1/6/2023 13:00,0
1/6/2023 13:30,5837.32
1/6/2023 14:00,0
1/6/2023 14:30,5818.62
1/6/2023 15:00,5670.38
1/6/2023 15:30,5793.67
1/6/2023 16:00,4659.06
1/6/2023 16:30,4434.06
1/6/2023 17:00,4457.84
1/6/2023 17:30,4199.27
1/6/2023 18:00,4101.73
1/6/2023 18:30,3505.52
1/6/2023 19:00,3136.58
1/6/2023 19:30,3877.51
1/6/2023 20:00,3737.83
1/6/2023 20:30,3618.74
1/6/2023 21:00,3709.23
1/6/2023 21:30,3662.67
1/6/2023 22:00,3488.67
1/6/2023 22:30,3228.12
1/6/2023 23:00,3214.79
1/6/2023 23:30,2648.21
1/7/2023 0:00,1965.46
1/7/2023 0:30,1032.3
1/7/2023 1:00,592.16
1/7/2023 1:30,549.04
1/7/2023 2:00,592.19
1/7/2023 2:30,569.19
1/7/2023 3:00,552.4
1/7/2023 3:30,610.27
1/7/2023 4:00,557.67
1/7/2023 4:30,568.24
1/7/2023 5:00,588.07
1/7/2023 5:30,548.34
1/7/2023 6:00,512.98
1/7/2023 6:30,774.4
1/7/2023 7:00,1206.58
1/7/2023 7:30,4585.27
1/7/2023 8:00,5371.62
1/7/2023 8:30,5714.76
1/7/2023 9:00,5689.02
1/7/2023 9:30,5677.18
1/7/2023 10:00,5512.08
1/7/2023 10:30,5851.63
1/7/2023 11:00,0
1/7/2023 11:30,5945.79
1/7/2023 12:00,4924.94
1/7/2023 12:30,4775.43
1/7/2023 13:00,0
1/7/2023 13:30,5936.21
1/7/2023 14:00,5988.17
1/7/2023 14:30,5673
1/7/2023 15:00,5793.17
1/7/2023 15:30,5628.44
1/7/2023 16:00,4553.56
1/7/2023 16:30,4394.13
1/7/2023 17:00,4561.82
1/7/2023 17:30,4376.53
1/7/2023 18:00,4365.04
1/7/2023 18:30,3880.66
1/7/2023 19:00,3587.65
1/7/2023 19:30,3938.43
1/7/2023 20:00,4124.21
1/7/2023 20:30,4230.1
1/7/2023 21:00,4575.94
1/7/2023 21:30,4306.26
1/7/2023 22:00,4143.84
1/7/2023 22:30,3831.26
1/7/2023 23:00,4299.83
1/7/2023 23:30,3879.56
1/8/2023 0:00,2897.39
1/8/2023 0:30,1322.52
1/8/2023 1:00,605.46
1/8/2023 1:30,584.81
1/8/2023 2:00,592.3
1/8/2023 2:30,528.71
1/8/2023 3:00,568.87
1/8/2023 3:30,560.34
1/8/2023 4:00,570.51
1/8/2023 4:30,592.75
1/8/2023 5:00,538.61
1/8/2023 5:30,469.33
1/8/2023 6:00,495.54
1/8/2023 6:30,546.41
1/8/2023 7:00,1214.68
1/8/2023 7:30,2865.8
1/8/2023 8:00,3590.44
1/8/2023 8:30,3712.43
1/8/2023 9:00,3762.89
1/8/2023 9:30,0
1/8/2023 10:00,3303.08
1/8/2023 10:30,0
1/8/2023 11:00,3592.65
1/8/2023 11:30,3479.79
1/8/2023 12:00,2849.39
1/8/2023 12:30,2815.01
1/8/2023 13:00,3211.89
1/8/2023 13:30,3470.03
1/8/2023 14:00,3478.58
1/8/2023 14:30,3826.02
1/8/2023 15:00,4267.69
1/8/2023 15:30,0
1/8/2023 16:00,4436.17
1/8/2023 16:30,4512.18
1/8/2023 17:00,4937.3
1/8/2023 17:30,5061.15
1/8/2023 18:00,4552.05
1/8/2023 18:30,4118.08
1/8/2023 19:00,3771.77
1/8/2023 19:30,4081.41
1/8/2023 20:00,4272.53
1/8/2023 20:30,4349.74
1/8/2023 21:00,4093.22
1/8/2023 21:30,3950.1
1/8/2023 22:00,3774.95
1/8/2023 22:30,3429.23
1/8/2023 23:00,3921.02
1/8/2023 23:30,3722.6
1/9/2023 0:00,2302.62
1/9/2023 0:30,1148.78
1/9/2023 1:00,814.43
1/9/2023 1:30,801.31
1/9/2023 2:00,779.97
1/9/2023 2:30,745.56
1/9/2023 3:00,708.35
1/9/2023 3:30,782.74
1/9/2023 4:00,709.83
1/9/2023 4:30,684.43
1/9/2023 5:00,659.92
1/9/2023 5:30,622.17
1/9/2023 6:00,642
1/9/2023 6:30,690.23
1/9/2023 7:00,800.07
1/9/2023 7:30,824.21
1/9/2023 8:00,998.07
1/9/2023 8:30,1039.58
1/9/2023 9:00,1018.76
1/9/2023 9:30,1090.2
1/9/2023 10:00,727.43
1/9/2023 10:30,879.85
1/9/2023 11:00,901.77
1/9/2023 11:30,750.17
1/9/2023 12:00,732.47
1/9/2023 12:30,699.07
1/9/2023 13:00,678.75
1/9/2023 13:30,772.5
1/9/2023 14:00,815.94
1/9/2023 14:30,1055.74
1/9/2023 15:00,1491.6
1/9/2023 15:30,1516.32
1/9/2023 16:00,1532.56
1/9/2023 16:30,1593.84
1/9/2023 17:00,0
1/9/2023 17:30,774.12
1/9/2023 18:00,1866.52
1/9/2023 18:30,1906.38
1/9/2023 19:00,1800.35
1/9/2023 19:30,1814.55
1/9/2023 20:00,1836.98
1/9/2023 20:30,1852.92
1/9/2023 21:00,1810.36
1/9/2023 21:30,1828.11
1/9/2023 22:00,1786.43
1/9/2023 22:30,1734.57
1/9/2023 23:00,1776.44
1/9/2023 23:30,1412.73
1/10/2023 0:00,1387.79
1/10/2023 0:30,664.44
1/10/2023 1:00,268.06
1/10/2023 1:30,269.86
1/10/2023 2:00,293.88
1/10/2023 2:30,251.39
1/10/2023 3:00,253
1/10/2023 3:30,0
1/10/2023 4:00,270.07
1/10/2023 4:30,245.31
1/10/2023 5:00,252.75
1/10/2023 5:30,258.11
1/10/2023 6:00,257.69
1/10/2023 6:30,0
1/10/2023 7:00,633.92
1/10/2023 7:30,673.42
1/10/2023 8:00,789.82
1/10/2023 8:30,855.86
1/10/2023 9:00,911.51
1/10/2023 9:30,823.21
1/10/2023 10:00,849.79
1/10/2023 10:30,873.24
1/10/2023 11:00,869.75
1/10/2023 11:30,821.21
1/10/2023 12:00,826.68
1/10/2023 12:30,758.51
1/10/2023 13:00,786.53
1/10/2023 13:30,916.69
1/10/2023 14:00,888.89
1/10/2023 14:30,880.51
1/10/2023 15:00,867.94
1/10/2023 15:30,881.99
1/10/2023 16:00,792.67
1/10/2023 16:30,667.99
1/10/2023 17:00,705.06
1/10/2023 17:30,677.7
1/10/2023 18:00,716.36
1/10/2023 18:30,818.1
1/10/2023 19:00,785.02
1/10/2023 19:30,779.87
1/10/2023 20:00,809.94
1/10/2023 20:30,833.12
1/10/2023 21:00,0
1/10/2023 21:30,860.64
1/10/2023 22:00,883.7
1/10/2023 22:30,856.57
1/10/2023 23:00,849.68
1/10/2023 23:30,862.02
1/11/2023 0:00,818.22
1/11/2023 0:30,809.86
1/11/2023 1:00,853.5
1/11/2023 1:30,828.51
1/11/2023 2:00,810.9
1/11/2023 2:30,841.97
1/11/2023 3:00,802.15
1/11/2023 3:30,809.35
1/11/2023 4:00,810.49
1/11/2023 4:30,843.03
1/11/2023 5:00,829.77
1/11/2023 5:30,830.13
1/11/2023 6:00,909.39
1/11/2023 6:30,920.75
1/11/2023 7:00,1347.05
1/11/2023 7:30,4727.81
1/11/2023 8:00,5625.84
1/11/2023 8:30,5818.19
1/11/2023 9:00,5848.9
1/11/2023 9:30,5797.01
1/11/2023 10:00,5490.27
1/11/2023 10:30,5889.34
1/11/2023 11:00,6034.82
1/11/2023 11:30,5989.02
1/11/2023 12:00,5028.24
1/11/2023 12:30,0
1/11/2023 13:00,5671.34
1/11/2023 13:30,6077.26
1/11/2023 14:00,6075.76
1/11/2023 14:30,0
1/11/2023 15:00,0
1/11/2023 15:30,5628.34
1/11/2023 16:00,4768.08
1/11/2023 16:30,3965.22
1/11/2023 17:00,4702.52
1/11/2023 17:30,4364.19
1/11/2023 18:00,4329.19
1/11/2023 18:30,3941.68
1/11/2023 19:00,3690.3
1/11/2023 19:30,3670.57
1/11/2023 20:00,3941.44
1/11/2023 20:30,3867.57
1/11/2023 21:00,3915.46
1/11/2023 21:30,3980.56
1/11/2023 22:00,3866.87
1/11/2023 22:30,3648.6
1/11/2023 23:00,3956.99
1/11/2023 23:30,0
1/12/2023 0:00,2983.03
1/12/2023 0:30,1084.4
1/12/2023 1:00,1081.38
1/12/2023 1:30,903.41
1/12/2023 2:00,755.48
1/12/2023 2:30,704.23
1/12/2023 3:00,668.02
1/12/2023 3:30,668.09
1/12/2023 4:00,737.02
1/12/2023 4:30,703.17
1/12/2023 5:00,666.35
1/12/2023 5:30,719.77
1/12/2023 6:00,681.09
1/12/2023 6:30,1046.99
1/12/2023 7:00,1639.39
1/12/2023 7:30,4792.84
1/12/2023 8:00,5513.84
1/12/2023 8:30,5962.99
1/12/2023 9:00,5962.89
1/12/2023 9:30,5894.22
1/12/2023 10:00,5668.69
1/12/2023 10:30,6049.81
1/12/2023 11:00,6151.1
1/12/2023 11:30,6113.53
1/12/2023 12:00,5059.27
1/12/2023 12:30,4902.43
1/12/2023 13:00,5826.55
1/12/2023 13:30,6046.95
1/12/2023 14:00,6049.07
1/12/2023 14:30,5961.88
1/12/2023 15:00,5989.5
1/12/2023 15:30,5945.05
1/12/2023 16:00,5108.75
1/12/2023 16:30,4480.08
1/12/2023 17:00,4814.09
1/12/2023 17:30,4382.25
1/12/2023 18:00,4213.44
1/12/2023 18:30,3752.54
1/12/2023 19:00,3491.47
1/12/2023 19:30,3570.84
1/12/2023 20:00,3851.39
1/12/2023 20:30,4050.07
1/12/2023 21:00,4157.56
1/12/2023 21:30,4161.89
1/12/2023 22:00,3972.19
1/12/2023 22:30,3541.5
1/12/2023 23:00,3707.32
1/12/2023 23:30,2925.18
1/13/2023 0:00,2273.2
1/13/2023 0:30,1020.33
1/13/2023 1:00,1012.41
1/13/2023 1:30,1009.77
1/13/2023 2:00,1017.79
1/13/2023 2:30,876.26
1/13/2023 3:00,843.74
1/13/2023 3:30,903.36
1/13/2023 4:00,1022.25
1/13/2023 4:30,930.38
1/13/2023 5:00,849.2
1/13/2023 5:30,825.23
1/13/2023 6:00,926.58
1/13/2023 6:30,987.47
1/13/2023 7:00,1312.21
1/13/2023 7:30,4697.13
1/13/2023 8:00,5471.97
1/13/2023 8:30,5787.39
1/13/2023 9:00,5920.55
1/13/2023 9:30,5823.42
1/13/2023 10:00,5603.83
1/13/2023 10:30,6000.27
1/13/2023 11:00,5909.41
1/13/2023 11:30,6015.53
1/13/2023 12:00,5007.37
1/13/2023 12:30,4794.39
1/13/2023 13:00,5728.16
1/13/2023 13:30,6129.12
1/13/2023 14:00,6014.18
1/13/2023 14:30,5819.04
1/13/2023 15:00,5808.63
1/13/2023 15:30,5826.52
1/13/2023 16:00,5047.41
1/13/2023 16:30,4982.98
1/13/2023 17:00,5503.18
1/13/2023 17:30,5318.01
1/13/2023 18:00,5209.86
1/13/2023 18:30,4712.04
1/13/2023 19:00,4393.31
1/13/2023 19:30,4662.49
1/13/2023 20:00,4982.81
1/13/2023 20:30,4993.84
1/13/2023 21:00,5008.27
1/13/2023 21:30,4981.62
1/13/2023 22:00,4685.04
1/13/2023 22:30,3817.18
1/13/2023 23:00,4178.32
1/13/2023 23:30,3313.14
1/14/2023 0:00,2483.46
1/14/2023 0:30,1097.19
1/14/2023 1:00,747.2
1/14/2023 1:30,739.15
1/14/2023 2:00,805.01
1/14/2023 2:30,677.93
1/14/2023 3:00,721.53
1/14/2023 3:30,808.38
1/14/2023 4:00,743.71
1/14/2023 4:30,737.12
1/14/2023 5:00,698.79
1/14/2023 5:30,661.03
1/14/2023 6:00,643.49
1/14/2023 6:30,1094.04
1/14/2023 7:00,1393.43
1/14/2023 7:30,4752.5
1/14/2023 8:00,5547.26
1/14/2023 8:30,5925.9
1/14/2023 9:00,6075.42
1/14/2023 9:30,6038.46
1/14/2023 10:00,5706.99
1/14/2023 10:30,6142.54
1/14/2023 11:00,6010.52
1/14/2023 11:30,5846.31
1/14/2023 12:00,4975.44
1/14/2023 12:30,4469.59
1/14/2023 13:00,5451.7
1/14/2023 13:30,5864.38
1/14/2023 14:00,5769.4
1/14/2023 14:30,5634.96
1/14/2023 15:00,5582.65
1/14/2023 15:30,5551.45
1/14/2023 16:00,4810.08
1/14/2023 16:30,4654.24
1/14/2023 17:00,4937.64
1/14/2023 17:30,4743.69
1/14/2023 18:00,4723.89
1/14/2023 18:30,4448.26
1/14/2023 19:00,4005.22
1/14/2023 19:30,4318.01
1/14/2023 20:00,4705.48
1/14/2023 20:30,4796.65
1/14/2023 21:00,4762.44
1/14/2023 21:30,4578.4
1/14/2023 22:00,4390.17
1/14/2023 22:30,4296.52
1/14/2023 23:00,4266.36
1/14/2023 23:30,3775.59
1/15/2023 0:00,2743.03
1/15/2023 0:30,988.8
1/15/2023 1:00,1084.86
1/15/2023 1:30,855.06
1/15/2023 2:00,842.48
1/15/2023 2:30,808.67
1/15/2023 3:00,625.67
1/15/2023 3:30,0
1/15/2023 4:00,808.64
1/15/2023 4:30,845.73
1/15/2023 5:00,746.24
1/15/2023 5:30,821.07
1/15/2023 6:00,833.28
1/15/2023 6:30,801.41
1/15/2023 7:00,1517.92
1/15/2023 7:30,4165.24
1/15/2023 8:00,4941.59
1/15/2023 8:30,5210.97
1/15/2023 9:00,5439.81
1/15/2023 9:30,5299.51
1/15/2023 10:00,5031.43
1/15/2023 10:30,5345.45
1/15/2023 11:00,5387.44
1/15/2023 11:30,5403.91
1/15/2023 12:00,4232.29
1/15/2023 12:30,4024.16
1/15/2023 13:00,4658.4
1/15/2023 13:30,5070.17
1/15/2023 14:00,5015.92
1/15/2023 14:30,5020.79
1/15/2023 15:00,4980.84
1/15/2023 15:30,5287.28
1/15/2023 16:00,4647.07
1/15/2023 16:30,4364.6
1/15/2023 17:00,5058.77
1/15/2023 17:30,5056.42
1/15/2023 18:00,5327.3
1/15/2023 18:30,4857.91
1/15/2023 19:00,4390.01
1/15/2023 19:30,4559.05
1/15/2023 20:00,4628.69
1/15/2023 20:30,4666.64
1/15/2023 21:00,4617.46
1/15/2023 21:30,4514.47
1/15/2023 22:00,4324.86
1/15/2023 22:30,4126.14
1/15/2023 23:00,4398.57
1/15/2023 23:30,4185.94
1/16/2023 0:00,3031.25
1/16/2023 0:30,1111.37
1/16/2023 1:00,1258.08
1/16/2023 1:30,926.53
1/16/2023 2:00,913.86
1/16/2023 2:30,799.2
1/16/2023 3:00,690.35
1/16/2023 3:30,798.59
1/16/2023 4:00,923.84
1/16/2023 4:30,940.23
1/16/2023 5:00,708.77
1/16/2023 5:30,805.76
1/16/2023 6:00,816.4
1/16/2023 6:30,750.19
1/16/2023 7:00,1533.07
1/16/2023 7:30,3485.12
1/16/2023 8:00,3929.36
1/16/2023 8:30,4056.84
1/16/2023 9:00,4035.11
1/16/2023 9:30,3721.84
1/16/2023 10:00,3615.1
1/16/2023 10:30,3981.27
1/16/2023 11:00,4174.67
1/16/2023 11:30,4110.94
1/16/2023 12:00,3465.25
1/16/2023 12:30,3339.33
1/16/2023 13:00,3903.34
1/16/2023 13:30,4107.61
1/16/2023 14:00,4138.99
1/16/2023 14:30,4037.82
1/16/2023 15:00,3999.93
1/16/2023 15:30,4084.52
1/16/2023 16:00,3624.2
1/16/2023 16:30,3301.97
1/16/2023 17:00,3919.12
1/16/2023 17:30,4291.21
1/16/2023 18:00,4147.59
1/16/2023 18:30,3842.57
1/16/2023 19:00,3595.31
1/16/2023 19:30,3905.08
1/16/2023 20:00,4097.73
1/16/2023 20:30,4066.26
1/16/2023 21:00,3945.44
1/16/2023 21:30,3911.99
1/16/2023 22:00,3466.34
1/16/2023 22:30,3142.45
1/16/2023 23:00,3250.18
1/16/2023 23:30,2725.15
1/17/2023 0:00,1833.56
1/17/2023 0:30,896.86
1/17/2023 1:00,800.77
1/17/2023 1:30,839.06
1/17/2023 2:00,727.89
1/17/2023 2:30,693.26
1/17/2023 3:00,688.19
1/17/2023 3:30,690.81
1/17/2023 4:00,734.68
1/17/2023 4:30,748.87
1/17/2023 5:00,641.33
1/17/2023 5:30,720.99
1/17/2023 6:00,784.69
1/17/2023 6:30,693.28
1/17/2023 7:00,804.99
1/17/2023 7:30,1068.53
1/17/2023 8:00,1558.89
1/17/2023 8:30,1596.08
1/17/2023 9:00,1658.42
1/17/2023 9:30,1599.34
1/17/2023 10:00,1567.37
1/17/2023 10:30,1707.33
1/17/2023 11:00,1650.96
1/17/2023 11:30,1686.44
1/17/2023 12:00,1592.25
1/17/2023 12:30,1567.22
1/17/2023 13:00,0
1/17/2023 13:30,1773.96
1/17/2023 14:00,1728.54
1/17/2023 14:30,1731.76
1/17/2023 15:00,1714.3
1/17/2023 15:30,2271.65
1/17/2023 16:00,2136.38
1/17/2023 16:30,0
1/17/2023 17:00,1970.28
1/17/2023 17:30,1926.32
1/17/2023 18:00,1913.68
1/17/2023 18:30,1907.18
1/17/2023 19:00,1855.21
1/17/2023 19:30,1886.28
1/17/2023 20:00,1966.17
1/17/2023 20:30,1924.12
1/17/2023 21:00,1914.48
1/17/2023 21:30,1993.98
1/17/2023 22:00,1779.42
1/17/2023 22:30,1792.3
1/17/2023 23:00,1817.86
1/17/2023 23:30,874.27
1/18/2023 0:00,739.9
1/18/2023 0:30,0
1/18/2023 1:00,517.17
1/18/2023 1:30,514.8
1/18/2023 2:00,554.71
1/18/2023 2:30,502.88
1/18/2023 3:00,493.52
1/18/2023 3:30,536.08
1/18/2023 4:00,489.68
1/18/2023 4:30,486.85
1/18/2023 5:00,515.36
1/18/2023 5:30,490.96
1/18/2023 6:00,496.28
1/18/2023 6:30,779.24
1/18/2023 7:00,1443.46
1/18/2023 7:30,4596.97
1/18/2023 8:00,5240.42
1/18/2023 8:30,5781.55
1/18/2023 9:00,5660.82
1/18/2023 9:30,5433.12
1/18/2023 10:00,5177.88
1/18/2023 10:30,5687.97
1/18/2023 11:00,5648.78
1/18/2023 11:30,6096.31
1/18/2023 12:00,5149.3
1/18/2023 12:30,4931.39
1/18/2023 13:00,5786.38
1/18/2023 13:30,5964.28
1/18/2023 14:00,0
1/18/2023 14:30,5918.98
1/18/2023 15:00,5819.13
1/18/2023 15:30,5935.87
1/18/2023 16:00,5050.41
1/18/2023 16:30,4594.01
1/18/2023 17:00,5087.07
1/18/2023 17:30,4859.97
1/18/2023 18:00,4252.37
1/18/2023 18:30,4054.34
1/18/2023 19:00,3422.45
1/18/2023 19:30,3601.84
1/18/2023 20:00,3992.64
1/18/2023 20:30,4160.96
1/18/2023 21:00,4157.8
1/18/2023 21:30,4178.11
1/18/2023 22:00,4000.05
1/18/2023 22:30,3673.76
1/18/2023 23:00,3736.94
1/18/2023 23:30,3597.18
1/19/2023 0:00,2207.1
1/19/2023 0:30,1339.87
1/19/2023 1:00,1164.27
1/19/2023 1:30,1421.16
1/19/2023 2:00,1391.58
1/19/2023 2:30,0
1/19/2023 3:00,1345.12
1/19/2023 3:30,1337.27
1/19/2023 4:00,1333.91
1/19/2023 4:30,1340.5
1/19/2023 5:00,1316.39
1/19/2023 5:30,1285.16
1/19/2023 6:00,1284.73
1/19/2023 6:30,1352.02
1/19/2023 7:00,1980.95
1/19/2023 7:30,4604.36
1/19/2023 8:00,5595.69
1/19/2023 8:30,5658.69
1/19/2023 9:00,5785.98
1/19/2023 9:30,5636.5
1/19/2023 10:00,5526.09
1/19/2023 10:30,5814.18
1/19/2023 11:00,5849.25
1/19/2023 11:30,5876.21
1/19/2023 12:00,5049.13
1/19/2023 12:30,4718.32
1/19/2023 13:00,5713.78
1/19/2023 13:30,0
1/19/2023 14:00,6003.89
1/19/2023 14:30,5735.1
1/19/2023 15:00,5800.83
1/19/2023 15:30,5750.35
1/19/2023 16:00,5028.57
1/19/2023 16:30,4764.37
1/19/2023 17:00,5019.99
1/19/2023 17:30,4597.54
1/19/2023 18:00,4514.7
1/19/2023 18:30,3966.74
1/19/2023 19:00,3606.87
1/19/2023 19:30,3824.15
1/19/2023 20:00,4036.66
1/19/2023 20:30,4239.91
1/19/2023 21:00,4297.11
1/19/2023 21:30,4261.81
1/19/2023 22:00,4263.14
1/19/2023 22:30,3908.48
1/19/2023 23:00,4267.03
1/19/2023 23:30,3792.99
1/20/2023 0:00,3104.48
1/20/2023 0:30,1409.18
1/20/2023 1:00,1280.6
1/20/2023 1:30,1198.28
1/20/2023 2:00,1257.57
1/20/2023 2:30,1151.49
1/20/2023 3:00,987.07
1/20/2023 3:30,1133.88
1/20/2023 4:00,1234.11
1/20/2023 4:30,1293.62
1/20/2023 5:00,1096.08
1/20/2023 5:30,1215.02
1/20/2023 6:00,1177.67
1/20/2023 6:30,1299.99
1/20/2023 7:00,1811.04
1/20/2023 7:30,4833.78
1/20/2023 8:00,5413.32
1/20/2023 8:30,5818.19
1/20/2023 9:00,6050.13
1/20/2023 9:30,5851.96
1/20/2023 10:00,5671.04
1/20/2023 10:30,6113.97
1/20/2023 11:00,6093.05
1/20/2023 11:30,6120.67
1/20/2023 12:00,5129.69
1/20/2023 12:30,4813.91
1/20/2023 13:00,5765.36
1/20/2023 13:30,6090.32
1/20/2023 14:00,6077.49
1/20/2023 14:30,5992.54
1/20/2023 15:00,5921.8
1/20/2023 15:30,5928.03
1/20/2023 16:00,5079.2
1/20/2023 16:30,0
1/20/2023 17:00,5218.94
1/20/2023 17:30,4726.4
1/20/2023 18:00,4335.14
1/20/2023 18:30,4030.01
1/20/2023 19:00,3513.82
1/20/2023 19:30,3907.93
1/20/2023 20:00,4254.59
1/20/2023 20:30,4376.79
1/20/2023 21:00,4304.04
1/20/2023 21:30,4350.8
1/20/2023 22:00,4177.58
1/20/2023 22:30,4017.29
1/20/2023 23:00,4173.05
1/20/2023 23:30,3738.83
1/21/2023 0:00,2610.38
1/21/2023 0:30,1303.55
1/21/2023 1:00,0
1/21/2023 1:30,1232.69
1/21/2023 2:00,1258.75
1/21/2023 2:30,1211.69
1/21/2023 3:00,1142.6
1/21/2023 3:30,1257.23
1/21/2023 4:00,1281.14
1/21/2023 4:30,1233.23
1/21/2023 5:00,1317.12
1/21/2023 5:30,1148.21
1/21/2023 6:00,1152.47
1/21/2023 6:30,1275.67
1/21/2023 7:00,1864.06
1/21/2023 7:30,4658.96
1/21/2023 8:00,0
1/21/2023 8:30,5793.56
1/21/2023 9:00,5866.16
1/21/2023 9:30,5861.96
1/21/2023 10:00,5614.91
1/21/2023 10:30,5978.05
1/21/2023 11:00,5976.67
1/21/2023 11:30,5980.26
1/21/2023 12:00,5030.18
1/21/2023 12:30,4506.26
1/21/2023 13:00,5447.06
1/21/2023 13:30,5743.79
1/21/2023 14:00,5618.36
1/21/2023 14:30,5745.65
1/21/2023 15:00,5690.57
1/21/2023 15:30,5424.72
1/21/2023 16:00,4600.91
1/21/2023 16:30,4356.15
1/21/2023 17:00,4687.2
1/21/2023 17:30,4778.21
1/21/2023 18:00,4712.86
1/21/2023 18:30,4420.17
1/21/2023 19:00,3966.9
1/21/2023 19:30,4288.11
1/21/2023 20:00,4450.39
1/21/2023 20:30,4760.63
1/21/2023 21:00,4679.08
1/21/2023 21:30,4604.71
1/21/2023 22:00,4563.61
1/21/2023 22:30,4268.43
1/21/2023 23:00,4456.3
1/21/2023 23:30,4028.2
1/22/2023 0:00,2748.66
1/22/2023 0:30,1481.56
1/22/2023 1:00,1295.22
1/22/2023 1:30,1179.36
1/22/2023 2:00,1205.28
1/22/2023 2:30,1088.66
1/22/2023 3:00,1047.81
1/22/2023 3:30,1164.8
1/22/2023 4:00,1125.47
1/22/2023 4:30,1177.29
1/22/2023 5:00,1154.89
1/22/2023 5:30,1194.2
1/22/2023 6:00,1196.95
1/22/2023 6:30,1138.35
1/22/2023 7:00,1733.75
1/22/2023 7:30,4516.53
1/22/2023 8:00,5278.44
1/22/2023 8:30,5686.13
1/22/2023 9:00,5682.15
1/22/2023 9:30,5535.75
1/22/2023 10:00,5230.57
1/22/2023 10:30,5676.71
1/22/2023 11:00,5460.09
1/22/2023 11:30,5401.85
1/22/2023 12:00,4328.73
1/22/2023 12:30,4220
1/22/2023 13:00,4681.46
1/22/2023 13:30,5168.05
1/22/2023 14:00,0
1/22/2023 14:30,0
1/22/2023 15:00,5579.18
1/22/2023 15:30,5296.44
1/22/2023 16:00,4901.91
1/22/2023 16:30,4821.94
1/22/2023 17:00,0
1/22/2023 17:30,0
1/22/2023 18:00,5141.46
1/22/2023 18:30,4274.84
1/22/2023 19:00,0
1/22/2023 19:30,0
1/22/2023 20:00,0
1/22/2023 20:30,4454.55
1/22/2023 21:00,4497.84
1/22/2023 21:30,0
1/22/2023 22:00,0
1/22/2023 22:30,3943.65
1/22/2023 23:00,4197.46
1/22/2023 23:30,3742.37
1/23/2023 0:00,2785.99
1/23/2023 0:30,1474.76
1/23/2023 1:00,1448.93
1/23/2023 1:30,1369.66
1/23/2023 2:00,1246.34
1/23/2023 2:30,0
1/23/2023 3:00,1175.96
1/23/2023 3:30,1238.15
1/23/2023 4:00,1301.59
1/23/2023 4:30,1254.3
1/23/2023 5:00,1214
1/23/2023 5:30,0
1/23/2023 6:00,1239.39
1/23/2023 6:30,1226.68
1/23/2023 7:00,1487.53
1/23/2023 7:30,0
1/23/2023 8:00,3419.37
1/23/2023 8:30,3468.08
1/23/2023 9:00,3653.79
1/23/2023 9:30,0
1/23/2023 10:00,3405.77
1/23/2023 10:30,3809.15
1/23/2023 11:00,3824.88
1/23/2023 11:30,0
1/23/2023 12:00,0
1/23/2023 12:30,0
1/23/2023 13:00,3555.51
1/23/2023 13:30,3758.07
1/23/2023 14:00,3775.77
1/23/2023 14:30,3688.35
1/23/2023 15:00,0
1/23/2023 15:30,3532.61
1/23/2023 16:00,3139.55
1/23/2023 16:30,2952.58
1/23/2023 17:00,4352.41
1/23/2023 17:30,4439.51
1/23/2023 18:00,4397.47
1/23/2023 18:30,4132.87
1/23/2023 19:00,3934.4
1/23/2023 19:30,3972.56
1/23/2023 20:00,3588.37
1/23/2023 20:30,3599.01
1/23/2023 21:00,3469.19
1/23/2023 21:30,0
1/23/2023 22:00,3469.45
1/23/2023 22:30,3195.19
1/23/2023 23:00,0
1/23/2023 23:30,2738.79
1/24/2023 0:00,1871.32
1/24/2023 0:30,0
1/24/2023 1:00,569.36
1/24/2023 1:30,491.34
1/24/2023 2:00,489.59
1/24/2023 2:30,518.42
1/24/2023 3:00,475.49
1/24/2023 3:30,492.38
1/24/2023 4:00,533.36
1/24/2023 4:30,486.53
1/24/2023 5:00,512.71
1/24/2023 5:30,546.7
1/24/2023 6:00,488.38
1/24/2023 6:30,489.65
1/24/2023 7:00,684.17
1/24/2023 7:30,551.81
1/24/2023 8:00,898.07
1/24/2023 8:30,1016.72
1/24/2023 9:00,1036.41
1/24/2023 9:30,1041.33
1/24/2023 10:00,1090.75
1/24/2023 10:30,1082.77
1/24/2023 11:00,1045.72
1/24/2023 11:30,0
1/24/2023 12:00,976.32
1/24/2023 12:30,958.59
1/24/2023 13:00,1069.46
1/24/2023 13:30,1017.36
1/24/2023 14:00,1050.08
1/24/2023 14:30,1154.16
1/24/2023 15:00,1078.84
1/24/2023 15:30,0
1/24/2023 16:00,1606.46
1/24/2023 16:30,0
1/24/2023 17:00,1715.02
1/24/2023 17:30,1760.72
1/24/2023 18:00,1829.13
1/24/2023 18:30,0
1/24/2023 19:00,1613.1
1/24/2023 19:30,1594.31
1/24/2023 20:00,1567.35
1/24/2023 20:30,1604.91
1/24/2023 21:00,0
1/24/2023 21:30,1651.66
1/24/2023 22:00,1625.44
1/24/2023 22:30,1545.77
1/24/2023 23:00,1275.68
1/24/2023 23:30,1250.04
1/25/2023 0:00,1088.3
1/25/2023 0:30,578.71
1/25/2023 1:00,420.94
1/25/2023 1:30,0
1/25/2023 2:00,393.96
1/25/2023 2:30,338.86
1/25/2023 3:00,0
1/25/2023 3:30,371.73
1/25/2023 4:00,0
1/25/2023 4:30,328.37
1/25/2023 5:00,342.45
1/25/2023 5:30,346.84
1/25/2023 6:00,351.51
1/25/2023 6:30,937.62
1/25/2023 7:00,0
1/25/2023 7:30,4705.23
1/25/2023 8:00,0
1/25/2023 8:30,5551.82
1/25/2023 9:00,5881.66
1/25/2023 9:30,5854.82
1/25/2023 10:00,5687.02
1/25/2023 10:30,6081.19
1/25/2023 11:00,0
1/25/2023 11:30,5744.91
1/25/2023 12:00,0
1/25/2023 12:30,4449.91
1/25/2023 13:00,5252.95
1/25/2023 13:30,5436.92
1/25/2023 14:00,5477.97
1/25/2023 14:30,5392.28
1/25/2023 15:00,5417.43
1/25/2023 15:30,5488
1/25/2023 16:00,4735.25
1/25/2023 16:30,4381.06
1/25/2023 17:00,5028.32
1/25/2023 17:30,4860.01
1/25/2023 18:00,5010.11
1/25/2023 18:30,4679.06
1/25/2023 19:00,4159.73
1/25/2023 19:30,4287.48
1/25/2023 20:00,0
1/25/2023 20:30,4599.72
1/25/2023 21:00,4626.57
1/25/2023 21:30,4638.15
1/25/2023 22:00,4397.47
1/25/2023 22:30,4129.41
1/25/2023 23:00,0
1/25/2023 23:30,3791.43
1/26/2023 0:00,2820.25
1/26/2023 0:30,1345.59
1/26/2023 1:00,0
1/26/2023 1:30,1302.11
1/26/2023 2:00,1255.82
1/26/2023 2:30,1120.49
1/26/2023 3:00,1148.21
1/26/2023 3:30,1231.87
1/26/2023 4:00,1316.69
1/26/2023 4:30,1269.51
1/26/2023 5:00,1222.33
1/26/2023 5:30,1195.71
1/26/2023 6:00,1344.62
1/26/2023 6:30,1280.19
1/26/2023 7:00,1960.51
1/26/2023 7:30,5006.53
1/26/2023 8:00,5604.66
1/26/2023 8:30,5992.53
1/26/2023 9:00,5983.66
1/26/2023 9:30,6007.28
1/26/2023 10:00,5764.97
1/26/2023 10:30,5821.84
1/26/2023 11:00,5728.27
1/26/2023 11:30,5750.28
1/26/2023 12:00,4799.98
1/26/2023 12:30,4562.05
1/26/2023 13:00,0
1/26/2023 13:30,5574.62
1/26/2023 14:00,5591.33
1/26/2023 14:30,5377.92
1/26/2023 15:00,0
1/26/2023 15:30,5630.95
1/26/2023 16:00,0
1/26/2023 16:30,4660.22
1/26/2023 17:00,5147.97
1/26/2023 17:30,5162.22
1/26/2023 18:00,5025.05
1/26/2023 18:30,0
1/26/2023 19:00,3497.97
1/26/2023 19:30,3842.83
1/26/2023 20:00,4044.91
1/26/2023 20:30,4228.25
1/26/2023 21:00,4148.66
1/26/2023 21:30,4089.76
1/26/2023 22:00,4121.92
1/26/2023 22:30,3905.58
1/26/2023 23:00,3965.78
1/26/2023 23:30,3613.94
1/27/2023 0:00,2840.4
1/27/2023 0:30,1267.37
1/27/2023 1:00,1222.18
1/27/2023 1:30,1343.06
1/27/2023 2:00,1366.91
1/27/2023 2:30,1332.28
1/27/2023 3:00,1153.4
1/27/2023 3:30,1258.62
1/27/2023 4:00,1323.01
1/27/2023 4:30,1260.25
1/27/2023 5:00,1181.96
1/27/2023 5:30,1248.12
1/27/2023 6:00,0
1/27/2023 6:30,1250.1
1/27/2023 7:00,1833.94
1/27/2023 7:30,4896.88
1/27/2023 8:00,5565.76
1/27/2023 8:30,5896.3
1/27/2023 9:00,6079.96
1/27/2023 9:30,5979.17
1/27/2023 10:00,5903.69
1/27/2023 10:30,5862.2
1/27/2023 11:00,5882.94
1/27/2023 11:30,5640.52
1/27/2023 12:00,4697.56
1/27/2023 12:30,0
1/27/2023 13:00,5535.57
1/27/2023 13:30,5650.61
1/27/2023 14:00,5675.72
1/27/2023 14:30,5618.17
1/27/2023 15:00,5441.88
1/27/2023 15:30,5375.81
1/27/2023 16:00,4640.03
1/27/2023 16:30,4572.83
1/27/2023 17:00,4889.29
1/27/2023 17:30,4633.4
1/27/2023 18:00,4790.68
1/27/2023 18:30,4406.07
1/27/2023 19:00,3946.94
1/27/2023 19:30,4345.76
1/27/2023 20:00,4438.93
1/27/2023 20:30,4668.58
1/27/2023 21:00,4816.61
1/27/2023 21:30,4720.92
1/27/2023 22:00,4640.98
1/27/2023 22:30,0
1/27/2023 23:00,4683.9
1/27/2023 23:30,4430.06
1/28/2023 0:00,3166.14
1/28/2023 0:30,1379
1/28/2023 1:00,1510.76
1/28/2023 1:30,1479.41
1/28/2023 2:00,1465.32
1/28/2023 2:30,1413.2
1/28/2023 3:00,1191.23
1/28/2023 3:30,1331.83
1/28/2023 4:00,1452.47
1/28/2023 4:30,1393.9
1/28/2023 5:00,1329.14
1/28/2023 5:30,1308.26
1/28/2023 6:00,1495.7
1/28/2023 6:30,1437.33
1/28/2023 7:00,1981.08
1/28/2023 7:30,5024.37
1/28/2023 8:00,5591.09
1/28/2023 8:30,5694.62
1/28/2023 9:00,5858.85
1/28/2023 9:30,5785.11
1/28/2023 10:00,0
1/28/2023 10:30,6052.08
1/28/2023 11:00,5787.52
1/28/2023 11:30,5804.62
1/28/2023 12:00,4929.08
1/28/2023 12:30,0
1/28/2023 13:00,5519.81
1/28/2023 13:30,5812.28
1/28/2023 14:00,5721.19
1/28/2023 14:30,5523.87
1/28/2023 15:00,0
1/28/2023 15:30,5556.45
1/28/2023 16:00,4829.73
1/28/2023 16:30,0
1/28/2023 17:00,5081.89
1/28/2023 17:30,4931.44
1/28/2023 18:00,4790.93
1/28/2023 18:30,4625.93
1/28/2023 19:00,3762.15
1/28/2023 19:30,4129.26
1/28/2023 20:00,4373.49
1/28/2023 20:30,4517.09
1/28/2023 21:00,4628.57
1/28/2023 21:30,4579.35
1/28/2023 22:00,4353.59
1/28/2023 22:30,3976.83
1/28/2023 23:00,4226.25
1/28/2023 23:30,3985.6
1/29/2023 0:00,2981.42
1/29/2023 0:30,1418.47
1/29/2023 1:00,1519.22
1/29/2023 1:30,1379.04
1/29/2023 2:00,1422.07
1/29/2023 2:30,1330.7
1/29/2023 3:00,1240.69
1/29/2023 3:30,1299.13
1/29/2023 4:00,1381.52
1/29/2023 4:30,0
1/29/2023 5:00,1252.66
1/29/2023 5:30,1318.26
1/29/2023 6:00,0
1/29/2023 6:30,1396.89
1/29/2023 7:00,1830.57
1/29/2023 7:30,4711.42
1/29/2023 8:00,5504.75
1/29/2023 8:30,5777.69
1/29/2023 9:00,5718.33
1/29/2023 9:30,0
1/29/2023 10:00,0
1/29/2023 10:30,5775.07
1/29/2023 11:00,5820.55
1/29/2023 11:30,5741.72
1/29/2023 12:00,4538.45
1/29/2023 12:30,4256.27
1/29/2023 13:00,0
1/29/2023 13:30,5758.17
1/29/2023 14:00,5683.47
1/29/2023 14:30,5553.4
1/29/2023 15:00,5626.05
1/29/2023 15:30,5577.22
1/29/2023 16:00,4687.78
1/29/2023 16:30,4510.17
1/29/2023 17:00,5026.64
1/29/2023 17:30,4974.83
1/29/2023 18:00,4977.02
1/29/2023 18:30,4655.8
1/29/2023 19:00,3966.48
1/29/2023 19:30,4328.06
1/29/2023 20:00,4221.01
1/29/2023 20:30,4288.01
1/29/2023 21:00,4375.61
1/29/2023 21:30,4232.71
1/29/2023 22:00,4038.15
1/29/2023 22:30,3480.43
1/29/2023 23:00,0
1/29/2023 23:30,2626.69
1/30/2023 0:00,2298.75
1/30/2023 0:30,1296.82
1/30/2023 1:00,1333.37
1/30/2023 1:30,1315.04
1/30/2023 2:00,1329.65
1/30/2023 2:30,1256.48
1/30/2023 3:00,1221.87
1/30/2023 3:30,1297.25
1/30/2023 4:00,1291.81
1/30/2023 4:30,1297.51
1/30/2023 5:00,1246.65
1/30/2023 5:30,1173.35
1/30/2023 6:00,1165.63
1/30/2023 6:30,1201.02
1/30/2023 7:00,1113.02
1/30/2023 7:30,1242.21
1/30/2023 8:00,1858.96
1/30/2023 8:30,1945.11
1/30/2023 9:00,1960.2
1/30/2023 9:30,1879.67
1/30/2023 10:00,0
1/30/2023 10:30,1809.8
1/30/2023 11:00,1872.56
1/30/2023 11:30,1844.77
1/30/2023 12:00,1630.94
1/30/2023 12:30,1513.69
1/30/2023 13:00,1839.08
1/30/2023 13:30,1947.76
1/30/2023 14:00,1933.04
1/30/2023 14:30,2034.67
1/30/2023 15:00,1940.9
1/30/2023 15:30,2391.15
1/30/2023 16:00,2574.23
1/30/2023 16:30,2590.3
1/30/2023 17:00,2907.52
1/30/2023 17:30,3019.56
1/30/2023 18:00,2995.24
1/30/2023 18:30,2881.49
1/30/2023 19:00,2787.56
1/30/2023 19:30,2972.23
1/30/2023 20:00,2930.78
1/30/2023 20:30,2707.71
1/30/2023 21:00,2085.8
1/30/2023 21:30,2286.04
1/30/2023 22:00,2548.42
1/30/2023 22:30,2594.2
1/30/2023 23:00,0
1/30/2023 23:30,2344.23
1/31/2023 0:00,1774.53
1/31/2023 0:30,772.56
1/31/2023 1:00,653.73
1/31/2023 1:30,459.48
1/31/2023 2:00,452.12
1/31/2023 2:30,444.15
1/31/2023 3:00,454.84
1/31/2023 3:30,454.76
1/31/2023 4:00,0
1/31/2023 4:30,445.13
1/31/2023 5:00,472.71
1/31/2023 5:30,440.49
1/31/2023 6:00,0
1/31/2023 6:30,575.32
1/31/2023 7:00,801.81
1/31/2023 7:30,1270.09
1/31/2023 8:00,1591.33
1/31/2023 8:30,1632.11
1/31/2023 9:00,1790.95
1/31/2023 9:30,1855.16
1/31/2023 10:00,1768.99
1/31/2023 10:30,1788.77
1/31/2023 11:00,1865.19
1/31/2023 11:30,1806.96
1/31/2023 12:00,1720.98
1/31/2023 12:30,1652.89
1/31/2023 13:00,1698.82
1/31/2023 13:30,1729.18
1/31/2023 14:00,1786.59
1/31/2023 14:30,1705.53
1/31/2023 15:00,1673.15
1/31/2023 15:30,0
1/31/2023 16:00,0
1/31/2023 16:30,784.73
1/31/2023 17:00,714.75
1/31/2023 17:30,671.41
1/31/2023 18:00,663.1
1/31/2023 18:30,704.17
1/31/2023 19:00,694.86
1/31/2023 19:30,686.02
1/31/2023 20:00,0
1/31/2023 20:30,343.34
1/31/2023 21:00,344.8
1/31/2023 21:30,0
1/31/2023 22:00,0
1/31/2023 22:30,0
1/31/2023 23:00,333.61
1/31/2023 23:30,332.35
2/1/2023 0:00,326.08
2/1/2023 0:30,316.83
2/1/2023 1:00,336.32
2/1/2023 1:30,311.3
2/1/2023 2:00,308.07
2/1/2023 2:30,347.44
2/1/2023 3:00,293.2
2/1/2023 3:30,292.75
2/1/2023 4:00,334.21
2/1/2023 4:30,290.94
2/1/2023 5:00,291.35
2/1/2023 5:30,349.48
2/1/2023 6:00,306.95
2/1/2023 6:30,852.94
2/1/2023 7:00,1595.01
2/1/2023 7:30,4468.56
2/1/2023 8:00,5240.16
2/1/2023 8:30,0
2/1/2023 9:00,5490.45
2/1/2023 9:30,5430.58
2/1/2023 10:00,0
2/1/2023 10:30,5623.15
2/1/2023 11:00,5606.24
2/1/2023 11:30,5480.51
2/1/2023 12:00,4970.33
2/1/2023 12:30,4370.42
2/1/2023 13:00,5112.21
2/1/2023 13:30,5452.89
2/1/2023 14:00,5551.79
2/1/2023 14:30,5447.8
2/1/2023 15:00,5436.63
2/1/2023 15:30,5465.58
2/1/2023 16:00,4897.55
2/1/2023 16:30,4471.72
2/1/2023 17:00,4984.93
2/1/2023 17:30,4843.91
2/1/2023 18:00,4736.24
2/1/2023 18:30,4157.99
2/1/2023 19:00,3533.55
2/1/2023 19:30,3853.09
2/1/2023 20:00,3980.89
2/1/2023 20:30,4224.18
2/1/2023 21:00,4129.45
2/1/2023 21:30,4013.89
2/1/2023 22:00,3870.47
2/1/2023 22:30,3623.39
2/1/2023 23:00,3770.79
2/1/2023 23:30,3679.93
2/2/2023 0:00,2691.44
2/2/2023 0:30,1258.17
2/2/2023 1:00,1200.73
2/2/2023 1:30,973.93
2/2/2023 2:00,976.88
2/2/2023 2:30,942.86
2/2/2023 3:00,896.74
2/2/2023 3:30,965.48
2/2/2023 4:00,0
2/2/2023 4:30,1015.01
2/2/2023 5:00,961.4
2/2/2023 5:30,941.89
2/2/2023 6:00,930.35
2/2/2023 6:30,1193.73
2/2/2023 7:00,1691.86
2/2/2023 7:30,4829.68
2/2/2023 8:00,5445.77
2/2/2023 8:30,5437.52
2/2/2023 9:00,5559.94
2/2/2023 9:30,5511.92
2/2/2023 10:00,5079.84
2/2/2023 10:30,5595.63
2/2/2023 11:00,5555.1
2/2/2023 11:30,5601.8
2/2/2023 12:00,4935.35
2/2/2023 12:30,4379.25
2/2/2023 13:00,5164.69
2/2/2023 13:30,5505
2/2/2023 14:00,5545.37
2/2/2023 14:30,5657.51
2/2/2023 15:00,5249.74
2/2/2023 15:30,5260.02
2/2/2023 16:00,4627.54
2/2/2023 16:30,4200.01
2/2/2023 17:00,4868.3
2/2/2023 17:30,4795.41
2/2/2023 18:00,4468.88
2/2/2023 18:30,4070.84
2/2/2023 19:00,3445.36
2/2/2023 19:30,3824.98
2/2/2023 20:00,4115.56
2/2/2023 20:30,4041.8
2/2/2023 21:00,4058.15
2/2/2023 21:30,4022.75
2/2/2023 22:00,3888.58
2/2/2023 22:30,3830.15
2/2/2023 23:00,3822.16
2/2/2023 23:30,3710.28
2/3/2023 0:00,3191.61
2/3/2023 0:30,1231.16
2/3/2023 1:00,899.49
2/3/2023 1:30,946.11
2/3/2023 2:00,891.6
2/3/2023 2:30,837.99
2/3/2023 3:00,907.78
2/3/2023 3:30,897.1
2/3/2023 4:00,883.42
2/3/2023 4:30,896.6
2/3/2023 5:00,813.54
2/3/2023 5:30,797.59
2/3/2023 6:00,1005.26
2/3/2023 6:30,1043.23
2/3/2023 7:00,1720.79
2/3/2023 7:30,4617.76
2/3/2023 8:00,5229.48
2/3/2023 8:30,5523.79
2/3/2023 9:00,5559.53
2/3/2023 9:30,5530.27
2/3/2023 10:00,5159.93
2/3/2023 10:30,5611.35
2/3/2023 11:00,5459.93
2/3/2023 11:30,5459.73
2/3/2023 12:00,4849.72
2/3/2023 12:30,4270.21
2/3/2023 13:00,5051.98
2/3/2023 13:30,5525.23
2/3/2023 14:00,5562.71
2/3/2023 14:30,5508.42
2/3/2023 15:00,5319.08
2/3/2023 15:30,5235.77
2/3/2023 16:00,4637.77
2/3/2023 16:30,4513.84
2/3/2023 17:00,4889.16
2/3/2023 17:30,4922.61
2/3/2023 18:00,4546.77
2/3/2023 18:30,4112.2
2/3/2023 19:00,3461.9
2/3/2023 19:30,3809.44
2/3/2023 20:00,3962.35
2/3/2023 20:30,4082.61
2/3/2023 21:00,4097.78
2/3/2023 21:30,4041.15
2/3/2023 22:00,3872.47
2/3/2023 22:30,3790.82
2/3/2023 23:00,4020.02
2/3/2023 23:30,3672.13
2/4/2023 0:00,2485.94
2/4/2023 0:30,1449.42
2/4/2023 1:00,1188.81
2/4/2023 1:30,1211.06
2/4/2023 2:00,1246.59
2/4/2023 2:30,1175.47
2/4/2023 3:00,1103.48
2/4/2023 3:30,1205.1
2/4/2023 4:00,1217.62
2/4/2023 4:30,1042.49
2/4/2023 5:00,968.95
2/4/2023 5:30,1116.06
2/4/2023 6:00,1182.36
2/4/2023 6:30,1212.15
2/4/2023 7:00,2360.83
2/4/2023 7:30,4796.8
2/4/2023 8:00,5316.47
2/4/2023 8:30,5401.74
2/4/2023 9:00,5432.64
2/4/2023 9:30,5518.15
2/4/2023 10:00,5164.19
2/4/2023 10:30,5429.97
2/4/2023 11:00,5512.4
2/4/2023 11:30,5522.4
2/4/2023 12:00,4735.31
2/4/2023 12:30,4257.08
2/4/2023 13:00,5206.01
2/4/2023 13:30,5420.91
2/4/2023 14:00,5492.85
2/4/2023 14:30,5502.25
2/4/2023 15:00,5264.63
2/4/2023 15:30,5294.42
2/4/2023 16:00,4516.99
2/4/2023 16:30,4264.45
2/4/2023 17:00,4731.12
2/4/2023 17:30,4713.18
2/4/2023 18:00,4346.02
2/4/2023 18:30,3909.43
2/4/2023 19:00,3386.4
2/4/2023 19:30,3906.21
2/4/2023 20:00,4171.66
2/4/2023 20:30,4255.63
2/4/2023 21:00,4367.48
2/4/2023 21:30,4267.43
2/4/2023 22:00,3958.12
2/4/2023 22:30,3772.85
2/4/2023 23:00,3932.1
2/4/2023 23:30,3660.41
2/5/2023 0:00,2884.33
2/5/2023 0:30,1220.66
2/5/2023 1:00,1375.05
2/5/2023 1:30,1267.44
2/5/2023 2:00,1073.21
2/5/2023 2:30,976.99
2/5/2023 3:00,1017.32
2/5/2023 3:30,1116.93
2/5/2023 4:00,1212.12
2/5/2023 4:30,1281.6
2/5/2023 5:00,1199.17
2/5/2023 5:30,1127.91
2/5/2023 6:00,1159.8
2/5/2023 6:30,1523.64
2/5/2023 7:00,1891.97
2/5/2023 7:30,4154.04
2/5/2023 8:00,0
2/5/2023 8:30,5107.2
2/5/2023 9:00,5257.91
2/5/2023 9:30,5304.85
2/5/2023 10:00,4827.43
2/5/2023 10:30,5237.23
2/5/2023 11:00,5323.11
2/5/2023 11:30,5227.76
2/5/2023 12:00,3846.28
2/5/2023 12:30,3777.5
2/5/2023 13:00,4467.53
2/5/2023 13:30,5267.49
2/5/2023 14:00,5243.97
2/5/2023 14:30,5096.65
2/5/2023 15:00,5063.67
2/5/2023 15:30,5007.55
2/5/2023 16:00,4660.76
2/5/2023 16:30,4239.32
2/5/2023 17:00,4817.62
2/5/2023 17:30,4823.26
2/5/2023 18:00,4865.14
2/5/2023 18:30,4596.04
2/5/2023 19:00,4184.43
2/5/2023 19:30,4424.12
2/5/2023 20:00,0
2/5/2023 20:30,4679.87
2/5/2023 21:00,0
2/5/2023 21:30,4055.99
2/5/2023 22:00,3919.39
2/5/2023 22:30,3860.75
2/5/2023 23:00,3905.86
2/5/2023 23:30,3449.05
2/6/2023 0:00,2327.84
2/6/2023 0:30,1270.47
2/6/2023 1:00,1383.67
2/6/2023 1:30,1345.67
2/6/2023 2:00,1312.14
2/6/2023 2:30,1236.14
2/6/2023 3:00,1079.94
2/6/2023 3:30,1212.55
2/6/2023 4:00,1296.34
2/6/2023 4:30,1254.97
2/6/2023 5:00,1113.41
2/6/2023 5:30,0
2/6/2023 6:00,1081.52
2/6/2023 6:30,947.25
2/6/2023 7:00,843.36
2/6/2023 7:30,1065.09
2/6/2023 8:00,1308.21
2/6/2023 8:30,1537.75
2/6/2023 9:00,1501.16
2/6/2023 9:30,1545.95
2/6/2023 10:00,1455.78
2/6/2023 10:30,1508.76
2/6/2023 11:00,1573.94
2/6/2023 11:30,1770.6
2/6/2023 12:00,1617.21
2/6/2023 12:30,1588.42
2/6/2023 13:00,1690.04
2/6/2023 13:30,1842.9
2/6/2023 14:00,2006.17
2/6/2023 14:30,2107.1
2/6/2023 15:00,2149.29
2/6/2023 15:30,2089.11
2/6/2023 16:00,2857.3
2/6/2023 16:30,2309.22
2/6/2023 17:00,2405.09
2/6/2023 17:30,2376.59
2/6/2023 18:00,2399.54
2/6/2023 18:30,2378.06
2/6/2023 19:00,2126.17
2/6/2023 19:30,2120.95
2/6/2023 20:00,2218.42
2/6/2023 20:30,2179.74
2/6/2023 21:00,2195.23
2/6/2023 21:30,2166.49
2/6/2023 22:00,2065.87
2/6/2023 22:30,2038.63
2/6/2023 23:00,1950.16
2/6/2023 23:30,1817.61
2/7/2023 0:00,1296.34
2/7/2023 0:30,647.08
2/7/2023 1:00,602.44
2/7/2023 1:30,558.8
2/7/2023 2:00,587.64
2/7/2023 2:30,529.57
2/7/2023 3:00,497.66
2/7/2023 3:30,544.67
2/7/2023 4:00,498.81
2/7/2023 4:30,499.22
2/7/2023 5:00,565.5
2/7/2023 5:30,523.73
2/7/2023 6:00,523.89
2/7/2023 6:30,564.35
2/7/2023 7:00,518.1
2/7/2023 7:30,537.15
2/7/2023 8:00,539.08
2/7/2023 8:30,586.95
2/7/2023 9:00,661.6
2/7/2023 9:30,670.09
2/7/2023 10:00,710.19
2/7/2023 10:30,867.23
2/7/2023 11:00,762.95
2/7/2023 11:30,758.72
2/7/2023 12:00,827.76
2/7/2023 12:30,850.47
2/7/2023 13:00,638.92
2/7/2023 13:30,682.42
2/7/2023 14:00,0
2/7/2023 14:30,704.76
2/7/2023 15:00,657.36
2/7/2023 15:30,644.22
2/7/2023 16:00,1325.95
2/7/2023 16:30,601.25
2/7/2023 17:00,537.98
2/7/2023 17:30,499.55
2/7/2023 18:00,521.7
2/7/2023 18:30,495.47
2/7/2023 19:00,466.9
2/7/2023 19:30,536.3
2/7/2023 20:00,480.31
2/7/2023 20:30,471.07
2/7/2023 21:00,506.24
2/7/2023 21:30,486.05
2/7/2023 22:00,487.1
2/7/2023 22:30,501.31
2/7/2023 23:00,460.22
2/7/2023 23:30,470.32
2/8/2023 0:00,531.78
2/8/2023 0:30,481.42
2/8/2023 1:00,482.36
2/8/2023 1:30,531.09
2/8/2023 2:00,488.37
2/8/2023 2:30,508.59
2/8/2023 3:00,513.76
2/8/2023 3:30,505.79
2/8/2023 4:00,490.82
2/8/2023 4:30,488.09
2/8/2023 5:00,528.32
2/8/2023 5:30,516.78
2/8/2023 6:00,720.67
2/8/2023 6:30,1133.31
2/8/2023 7:00,1833.41
2/8/2023 7:30,3920.5
2/8/2023 8:00,5037.76
2/8/2023 8:30,5305.61
2/8/2023 9:00,5493.87
2/8/2023 9:30,5465.51
2/8/2023 10:00,5268.47
2/8/2023 10:30,5626.14
2/8/2023 11:00,5681.83
2/8/2023 11:30,5719.12
2/8/2023 12:00,5059.74
2/8/2023 12:30,4389.84
2/8/2023 13:00,5468.93
2/8/2023 13:30,5835.31
2/8/2023 14:00,5733.17
2/8/2023 14:30,5617.74
2/8/2023 15:00,5479
2/8/2023 15:30,5671.42
2/8/2023 16:00,4965.85
2/8/2023 16:30,0
2/8/2023 17:00,4916.33
2/8/2023 17:30,4928.26
2/8/2023 18:00,4621.83
2/8/2023 18:30,4262.83
2/8/2023 19:00,3760.75
2/8/2023 19:30,4078.87
2/8/2023 20:00,4309.91
2/8/2023 20:30,4254.56
2/8/2023 21:00,3989.52
2/8/2023 21:30,3875.67
2/8/2023 22:00,3686.42
2/8/2023 22:30,3566.18
2/8/2023 23:00,3753.95
2/8/2023 23:30,3583.26
2/9/2023 0:00,2981.96
2/9/2023 0:30,1402.1
2/9/2023 1:00,1501.47
2/9/2023 1:30,1354.24
2/9/2023 2:00,1344.72
2/9/2023 2:30,1308.76
2/9/2023 3:00,1209.68
2/9/2023 3:30,1289.61
2/9/2023 4:00,1336.2
2/9/2023 4:30,1292.79
2/9/2023 5:00,1108.29
2/9/2023 5:30,1011.9
2/9/2023 6:00,1079.42
2/9/2023 6:30,1297.4
2/9/2023 7:00,2051.76
2/9/2023 7:30,4287.66
2/9/2023 8:00,5213.77
2/9/2023 8:30,5561.07
2/9/2023 9:00,5676.16
2/9/2023 9:30,5678.03
2/9/2023 10:00,5373.4
2/9/2023 10:30,5752.42
2/9/2023 11:00,5702.09
2/9/2023 11:30,5629.38
2/9/2023 12:00,4945.53
2/9/2023 12:30,4315.53
2/9/2023 13:00,5366.31
2/9/2023 13:30,5793.17
2/9/2023 14:00,0
2/9/2023 14:30,5675.57
2/9/2023 15:00,5495.67
2/9/2023 15:30,5560.8
2/9/2023 16:00,4743.77
2/9/2023 16:30,4441.61
2/9/2023 17:00,4628.6
2/9/2023 17:30,4349.51
2/9/2023 18:00,4157.3
2/9/2023 18:30,3796.82
2/9/2023 19:00,3351.43
2/9/2023 19:30,3794.54
2/9/2023 20:00,4069.42
2/9/2023 20:30,4243.69
2/9/2023 21:00,4170.32
2/9/2023 21:30,4039.84
2/9/2023 22:00,3735.47
2/9/2023 22:30,3834.95
2/9/2023 23:00,4078.04
2/9/2023 23:30,3810.66
2/10/2023 0:00,3104.57
2/10/2023 0:30,1236.03
2/10/2023 1:00,1199.18
2/10/2023 1:30,1172.15
2/10/2023 2:00,1215.77
2/10/2023 2:30,1162.29
2/10/2023 3:00,1011.74
2/10/2023 3:30,1085.75
2/10/2023 4:00,1064.88
2/10/2023 4:30,1080.17
2/10/2023 5:00,955.11
2/10/2023 5:30,1064.45
2/10/2023 6:00,1148.31
2/10/2023 6:30,1308.92
2/10/2023 7:00,2391.62
2/10/2023 7:30,4322.71
2/10/2023 8:00,5407.29
2/10/2023 8:30,5580.8
2/10/2023 9:00,5727.59
2/10/2023 9:30,5747.47
2/10/2023 10:00,5177.83
2/10/2023 10:30,5719.22
2/10/2023 11:00,5817.73
2/10/2023 11:30,5673.45
2/10/2023 12:00,4981.58
2/10/2023 12:30,4423.17
2/10/2023 13:00,5549.87
2/10/2023 13:30,5692.52
2/10/2023 14:00,5717.76
2/10/2023 14:30,0
2/10/2023 15:00,5552.87
2/10/2023 15:30,5429.48
2/10/2023 16:00,4323.85
2/10/2023 16:30,4037.99
2/10/2023 17:00,4498.08
2/10/2023 17:30,4526.38
2/10/2023 18:00,4173.31
2/10/2023 18:30,3834.7
2/10/2023 19:00,3444.47
2/10/2023 19:30,3826.86
2/10/2023 20:00,4022.97
2/10/2023 20:30,4289.95
2/10/2023 21:00,4236.71
2/10/2023 21:30,4003
2/10/2023 22:00,3811.46
2/10/2023 22:30,3861.25
2/10/2023 23:00,4036.2
2/10/2023 23:30,3556.81
2/11/2023 0:00,3058.76
2/11/2023 0:30,0
2/11/2023 1:00,1262.81
2/11/2023 1:30,1093.36
2/11/2023 2:00,1090.42
2/11/2023 2:30,975.55
2/11/2023 3:00,890.49
2/11/2023 3:30,1047.15
2/11/2023 4:00,1081.68
2/11/2023 4:30,0
2/11/2023 5:00,920.33
2/11/2023 5:30,982.8
2/11/2023 6:00,1101.71
2/11/2023 6:30,1295.39
2/11/2023 7:00,2311.63
2/11/2023 7:30,4068.87
2/11/2023 8:00,4974.13
2/11/2023 8:30,5387.81
2/11/2023 9:00,5389.42
2/11/2023 9:30,5387.33
2/11/2023 10:00,5037.87
2/11/2023 10:30,5508.9
2/11/2023 11:00,5519.69
2/11/2023 11:30,5157.22
2/11/2023 12:00,4487.48
2/11/2023 12:30,4090.82
2/11/2023 13:00,4916.08
2/11/2023 13:30,5233.24
2/11/2023 14:00,5234.9
2/11/2023 14:30,5525.78
2/11/2023 15:00,5178.52
2/11/2023 15:30,5177.19
2/11/2023 16:00,4461.31
2/11/2023 16:30,3837.69
2/11/2023 17:00,4377.77
2/11/2023 17:30,4314
2/11/2023 18:00,4329.78
2/11/2023 18:30,3689.12
2/11/2023 19:00,3373.57
2/11/2023 19:30,3580.01
2/11/2023 20:00,4423.98
2/11/2023 20:30,4472.84
2/11/2023 21:00,4306.49
2/11/2023 21:30,4241.96
2/11/2023 22:00,3538
2/11/2023 22:30,3276.4
2/11/2023 23:00,3278.52
2/11/2023 23:30,0
2/12/2023 0:00,2477.74
2/12/2023 0:30,1077.1
2/12/2023 1:00,1232.93
2/12/2023 1:30,0
2/12/2023 2:00,1108.44
2/12/2023 2:30,988.77
2/12/2023 3:00,911.69
2/12/2023 3:30,956.3
2/12/2023 4:00,976.83
2/12/2023 4:30,984.4
2/12/2023 5:00,848.07
2/12/2023 5:30,0
2/12/2023 6:00,912.08
2/12/2023 6:30,842.58
2/12/2023 7:00,898.12
2/12/2023 7:30,967.15
2/12/2023 8:00,959.82
2/12/2023 8:30,1094.6
2/12/2023 9:00,1240.15
2/12/2023 9:30,1196.77
2/12/2023 10:00,1314.82
2/12/2023 10:30,1168.82
2/12/2023 11:00,1174.42
2/12/2023 11:30,1221.63
2/12/2023 12:00,1270.6
2/12/2023 12:30,1185.36
2/12/2023 13:00,1244.03
2/12/2023 13:30,1336.8
2/12/2023 14:00,1335.99
2/12/2023 14:30,1353.4
2/12/2023 15:00,1343.24
2/12/2023 15:30,1177.97
2/12/2023 16:00,1047.57
2/12/2023 16:30,0
2/12/2023 17:00,329.19
2/12/2023 17:30,324.74
2/12/2023 18:00,374.41
2/12/2023 18:30,322.99
2/12/2023 19:00,327.68
2/12/2023 19:30,362.65
2/12/2023 20:00,319.7
2/12/2023 20:30,329.74
2/12/2023 21:00,338
2/12/2023 21:30,323.7
2/12/2023 22:00,344.51
2/12/2023 22:30,319.76
2/12/2023 23:00,0
2/12/2023 23:30,350.03
2/13/2023 0:00,309.33
2/13/2023 0:30,317.84
2/13/2023 1:00,334.69
2/13/2023 1:30,297.63
2/13/2023 2:00,306.39
2/13/2023 2:30,344.43
2/13/2023 3:00,295.2
2/13/2023 3:30,294.57
2/13/2023 4:00,335.33
2/13/2023 4:30,294.84
2/13/2023 5:00,292.25
2/13/2023 5:30,337.82
2/13/2023 6:00,291.94
2/13/2023 6:30,289.99
2/13/2023 7:00,448.55
2/13/2023 7:30,453.29
2/13/2023 8:00,547.42
2/13/2023 8:30,637.48
2/13/2023 9:00,683.98
2/13/2023 9:30,543.53
2/13/2023 10:00,748.51
2/13/2023 10:30,604
2/13/2023 11:00,0
2/13/2023 11:30,602.17
2/13/2023 12:00,521.82
2/13/2023 12:30,0
2/13/2023 13:00,0
2/13/2023 13:30,584.54
2/13/2023 14:00,649.42
2/13/2023 14:30,792.98
2/13/2023 15:00,622.48
2/13/2023 15:30,0
2/13/2023 16:00,535.54
2/13/2023 16:30,468.73
2/13/2023 17:00,526.24
2/13/2023 17:30,384.6
2/13/2023 18:00,326.69
2/13/2023 18:30,320.2
2/13/2023 19:00,363.35
2/13/2023 19:30,344.97
2/13/2023 20:00,338.81
2/13/2023 20:30,389.83
2/13/2023 21:00,335.44
2/13/2023 21:30,334.44
2/13/2023 22:00,370.95
2/13/2023 22:30,323.05
2/13/2023 23:00,329.73
2/13/2023 23:30,353.74
2/14/2023 0:00,312.51
2/14/2023 0:30,282.21
2/14/2023 1:00,304.32
2/14/2023 1:30,263.21
2/14/2023 2:00,265.83
2/14/2023 2:30,290.01
2/14/2023 3:00,269.66
2/14/2023 3:30,269.97
2/14/2023 4:00,292.76
2/14/2023 4:30,273.33
2/14/2023 5:00,264.53
2/14/2023 5:30,301.99
2/14/2023 6:00,263.16
2/14/2023 6:30,283.5
2/14/2023 7:00,536.22
2/14/2023 7:30,722.73
2/14/2023 8:00,805.39
2/14/2023 8:30,811.82
2/14/2023 9:00,777.1
2/14/2023 9:30,809.16
2/14/2023 10:00,768.91
2/14/2023 10:30,0
2/14/2023 11:00,863.22
2/14/2023 11:30,930.25
2/14/2023 12:00,926.67
2/14/2023 12:30,909.93
2/14/2023 13:00,1103.25
2/14/2023 13:30,1111.87
2/14/2023 14:00,1131.75
2/14/2023 14:30,1119.97
2/14/2023 15:00,1105.19
2/14/2023 15:30,1081.29
2/14/2023 16:00,2322.29
2/14/2023 16:30,1616.74
2/14/2023 17:00,1728.26
2/14/2023 17:30,2369.06
2/14/2023 18:00,2325.57
2/14/2023 18:30,2315.08
2/14/2023 19:00,2209.99
2/14/2023 19:30,2202.89
2/14/2023 20:00,2216.55
2/14/2023 20:30,2274.96
2/14/2023 21:00,2299.4
2/14/2023 21:30,2356.85
2/14/2023 22:00,2313.73
2/14/2023 22:30,2437.69
2/14/2023 23:00,2442.88
2/14/2023 23:30,2086.87
2/15/2023 0:00,1778.1
2/15/2023 0:30,1161.81
2/15/2023 1:00,565.42
2/15/2023 1:30,537.08
2/15/2023 2:00,603.51
2/15/2023 2:30,551.21
2/15/2023 3:00,549.7
2/15/2023 3:30,592.35
2/15/2023 4:00,524.78
2/15/2023 4:30,536.6
2/15/2023 5:00,574.78
2/15/2023 5:30,579.89
2/15/2023 6:00,890.77
2/15/2023 6:30,1063.86
2/15/2023 7:00,1509.34
2/15/2023 7:30,4600.76
2/15/2023 8:00,5377.58
2/15/2023 8:30,5524.9
2/15/2023 9:00,5683.19
2/15/2023 9:30,5875.12
2/15/2023 10:00,5412.38
2/15/2023 10:30,5818.64
2/15/2023 11:00,5810.14
2/15/2023 11:30,5756.06
2/15/2023 12:00,4960.21
2/15/2023 12:30,4452.14
2/15/2023 13:00,5557.18
2/15/2023 13:30,5789.92
2/15/2023 14:00,5736.4
2/15/2023 14:30,5774.51
2/15/2023 15:00,5589.19
2/15/2023 15:30,5620.3
2/15/2023 16:00,4827.79
2/15/2023 16:30,4632.99
2/15/2023 17:00,4652.62
2/15/2023 17:30,4594.8
2/15/2023 18:00,4566.77
2/15/2023 18:30,0
2/15/2023 19:00,3757.12
2/15/2023 19:30,4099.29
2/15/2023 20:00,4421.11
2/15/2023 20:30,4651.33
2/15/2023 21:00,4469.38
2/15/2023 21:30,4414.29
2/15/2023 22:00,3966.12
2/15/2023 22:30,3799.52
2/15/2023 23:00,3767.73
2/15/2023 23:30,3340.35
2/16/2023 0:00,2484.25
2/16/2023 0:30,1171.81
2/16/2023 1:00,1228.72
2/16/2023 1:30,1127.34
2/16/2023 2:00,1114.32
2/16/2023 2:30,1005.04
2/16/2023 3:00,864.99
2/16/2023 3:30,1070.57
2/16/2023 4:00,1077.93
2/16/2023 4:30,1031.32
2/16/2023 5:00,937.21
2/16/2023 5:30,943.23
2/16/2023 6:00,1095.31
2/16/2023 6:30,1332.98
2/16/2023 7:00,2367.75
2/16/2023 7:30,4388.57
2/16/2023 8:00,5531.7
2/16/2023 8:30,0
2/16/2023 9:00,5854.05
2/16/2023 9:30,5814.07
2/16/2023 10:00,5282
2/16/2023 10:30,5995.28
2/16/2023 11:00,6067.8
2/16/2023 11:30,6035.77
2/16/2023 12:00,5165.21
2/16/2023 12:30,4695.8
2/16/2023 13:00,5784.03
2/16/2023 13:30,6026.61
2/16/2023 14:00,6052.62
2/16/2023 14:30,5981.49
2/16/2023 15:00,5619.58
2/16/2023 15:30,0
2/16/2023 16:00,0
2/16/2023 16:30,4833.87
2/16/2023 17:00,5577.52
2/16/2023 17:30,5529.83
2/16/2023 18:00,5023.58
2/16/2023 18:30,4495.41
2/16/2023 19:00,3974.24
2/16/2023 19:30,4324.29
2/16/2023 20:00,4671.69
2/16/2023 20:30,4829.49
2/16/2023 21:00,4929.52
2/16/2023 21:30,4464.32
2/16/2023 22:00,4054.07
2/16/2023 22:30,4080.99
2/16/2023 23:00,4146.1
2/16/2023 23:30,3804.11
2/17/2023 0:00,2332.22
2/17/2023 0:30,1239.44
2/17/2023 1:00,1395.46
2/17/2023 1:30,1322.42
2/17/2023 2:00,1143.11
2/17/2023 2:30,1099.1
2/17/2023 3:00,1016.68
2/17/2023 3:30,1084.77
2/17/2023 4:00,1159.36
2/17/2023 4:30,1180.01
2/17/2023 5:00,1019.49
2/17/2023 5:30,981.93
2/17/2023 6:00,1153.3
2/17/2023 6:30,1440.75
2/17/2023 7:00,2985.49
2/17/2023 7:30,4814.49
2/17/2023 8:00,5692.07
2/17/2023 8:30,5708.34
2/17/2023 9:00,5795.69
2/17/2023 9:30,5817.74
2/17/2023 10:00,5468.19
2/17/2023 10:30,5941.83
2/17/2023 11:00,6040.34
2/17/2023 11:30,5872.28
2/17/2023 12:00,5087.74
2/17/2023 12:30,4565.94
2/17/2023 13:00,5665.36
2/17/2023 13:30,6043.92
2/17/2023 14:00,6062.05
2/17/2023 14:30,6011.51
2/17/2023 15:00,5709.5
2/17/2023 15:30,5658.94
2/17/2023 16:00,5047.65
2/17/2023 16:30,4952.86
2/17/2023 17:00,5479.36
2/17/2023 17:30,5614.3
2/17/2023 18:00,5505.63
2/17/2023 18:30,5181.76
2/17/2023 19:00,4647.88
2/17/2023 19:30,4805.58
2/17/2023 20:00,4868.33
2/17/2023 20:30,4796.67
2/17/2023 21:00,4479.66
2/17/2023 21:30,4288.87
2/17/2023 22:00,3913.96
2/17/2023 22:30,3750.12
2/17/2023 23:00,3889.61
2/17/2023 23:30,3682.88
2/18/2023 0:00,2647.23
2/18/2023 0:30,1328.74
2/18/2023 1:00,1186.2
2/18/2023 1:30,1151.06
2/18/2023 2:00,1098.37
2/18/2023 2:30,1027.98
2/18/2023 3:00,0
2/18/2023 3:30,989.06
2/18/2023 4:00,1085.09
2/18/2023 4:30,1087.59
2/18/2023 5:00,937.23
2/18/2023 5:30,0
2/18/2023 6:00,1204.4
2/18/2023 6:30,1529.88
2/18/2023 7:00,2795.63
2/18/2023 7:30,4789.05
2/18/2023 8:00,5872.57
2/18/2023 8:30,5940.41
2/18/2023 9:00,6017.18
2/18/2023 9:30,0
2/18/2023 10:00,5428.96
2/18/2023 10:30,5946.29
2/18/2023 11:00,5850.01
2/18/2023 11:30,5848.02
2/18/2023 12:00,5083.22
2/18/2023 12:30,4581.04
2/18/2023 13:00,5502.94
2/18/2023 13:30,5734.37
2/18/2023 14:00,5735.02
2/18/2023 14:30,5622.02
2/18/2023 15:00,5432.79
2/18/2023 15:30,5299.2
2/18/2023 16:00,4675.6
2/18/2023 16:30,4426.63
2/18/2023 17:00,4976.25
2/18/2023 17:30,5047.04
2/18/2023 18:00,4415.01
2/18/2023 18:30,4060.19
2/18/2023 19:00,3677.87
2/18/2023 19:30,4025.07
2/18/2023 20:00,4308.56
2/18/2023 20:30,4490.08
2/18/2023 21:00,4429.7
2/18/2023 21:30,4328.17
2/18/2023 22:00,3469.6
2/18/2023 22:30,3380.45
2/18/2023 23:00,3546.64
2/18/2023 23:30,3208.37
2/19/2023 0:00,2176.65
2/19/2023 0:30,1213.73
2/19/2023 1:00,1339.17
2/19/2023 1:30,1082.37
2/19/2023 2:00,1117.79
2/19/2023 2:30,1066.47
2/19/2023 3:00,919.85
2/19/2023 3:30,1077.85
2/19/2023 4:00,1135.86
2/19/2023 4:30,1066.53
2/19/2023 5:00,1025.13
2/19/2023 5:30,1012.46
2/19/2023 6:00,1205.93
2/19/2023 6:30,1476.62
2/19/2023 7:00,2320.21
2/19/2023 7:30,4476.51
2/19/2023 8:00,5109.72
2/19/2023 8:30,5185.26
2/19/2023 9:00,5292.45
2/19/2023 9:30,5245.55
2/19/2023 10:00,4883.45
2/19/2023 10:30,5328.38
2/19/2023 11:00,5351.08
2/19/2023 11:30,5281.73
2/19/2023 12:00,3935.61
2/19/2023 12:30,3741.45
2/19/2023 13:00,4455.73
2/19/2023 13:30,5247.09
2/19/2023 14:00,0
2/19/2023 14:30,5352.23
2/19/2023 15:00,5129.29
2/19/2023 15:30,5130.16
2/19/2023 16:00,4844.93
2/19/2023 16:30,4025.72
2/19/2023 17:00,4598.67
2/19/2023 17:30,4731.27
2/19/2023 18:00,4543.2
2/19/2023 18:30,4090.02
2/19/2023 19:00,3631.76
2/19/2023 19:30,4071.76
2/19/2023 20:00,4332.1
2/19/2023 20:30,4484.54
2/19/2023 21:00,4282.78
2/19/2023 21:30,3982.72
2/19/2023 22:00,3583.01
2/19/2023 22:30,3354.17
2/19/2023 23:00,3289.5
2/19/2023 23:30,2371.25
2/20/2023 0:00,1815.85
2/20/2023 0:30,927.62
2/20/2023 1:00,1042.73
2/20/2023 1:30,1049.46
2/20/2023 2:00,953.06
2/20/2023 2:30,935.89
2/20/2023 3:00,848.33
2/20/2023 3:30,903.53
2/20/2023 4:00,1027.64
2/20/2023 4:30,964.01
2/20/2023 5:00,879.78
2/20/2023 5:30,907.97
2/20/2023 6:00,884.23
2/20/2023 6:30,775.87
2/20/2023 7:00,738.02
2/20/2023 7:30,941.22
2/20/2023 8:00,1156.97
2/20/2023 8:30,1340.76
2/20/2023 9:00,1355.2
2/20/2023 9:30,1451.42
2/20/2023 10:00,1402.83
2/20/2023 10:30,1465.6
2/20/2023 11:00,1479.13
2/20/2023 11:30,1519.44
2/20/2023 12:00,1412.96
2/20/2023 12:30,1364.67
2/20/2023 13:00,1534.22
2/20/2023 13:30,1678.31
2/20/2023 14:00,1774.15
2/20/2023 14:30,0
2/20/2023 15:00,0
2/20/2023 15:30,2177.02
2/20/2023 16:00,2445.28
2/20/2023 16:30,2802.8
2/20/2023 17:00,2849.03
2/20/2023 17:30,2645.79
2/20/2023 18:00,2736.5
2/20/2023 18:30,2729.41
2/20/2023 19:00,2823.99
2/20/2023 19:30,2753.42
2/20/2023 20:00,2666.95
2/20/2023 20:30,2789.74
2/20/2023 21:00,2628.56
2/20/2023 21:30,2376.84
2/20/2023 22:00,2369.89
2/20/2023 22:30,2294.64
2/20/2023 23:00,2333.48
2/20/2023 23:30,1987.7
2/21/2023 0:00,1637.09
2/21/2023 0:30,1002.7
2/21/2023 1:00,978.62
2/21/2023 1:30,500.79
2/21/2023 2:00,523.84
2/21/2023 2:30,485.26
2/21/2023 3:00,477.39
2/21/2023 3:30,542.39
2/21/2023 4:00,491.64
2/21/2023 4:30,481.57
2/21/2023 5:00,534.45
2/21/2023 5:30,491.38
2/21/2023 6:00,489.64
2/21/2023 6:30,501.82
2/21/2023 7:00,702.15
2/21/2023 7:30,0
2/21/2023 8:00,943.17
2/21/2023 8:30,1027.97
2/21/2023 9:00,1048.87
2/21/2023 9:30,1016.6
2/21/2023 10:00,1110.23
2/21/2023 10:30,1276.61
2/21/2023 11:00,1280.88
2/21/2023 11:30,1311.46
2/21/2023 12:00,1244.61
2/21/2023 12:30,1217.12
2/21/2023 13:00,1284.64
2/21/2023 13:30,1251.96
2/21/2023 14:00,1227.25
2/21/2023 14:30,1171.93
2/21/2023 15:00,1103.49
2/21/2023 15:30,1111.67
2/21/2023 16:00,1080.82
2/21/2023 16:30,501.75
2/21/2023 17:00,847.2
2/21/2023 17:30,640.78
2/21/2023 18:00,652.98
2/21/2023 18:30,720.64
2/21/2023 19:00,779.33
2/21/2023 19:30,799.22
2/21/2023 20:00,801.63
2/21/2023 20:30,773.38
2/21/2023 21:00,758.68
2/21/2023 21:30,791.31
2/21/2023 22:00,610.7
2/21/2023 22:30,803.69
2/21/2023 23:00,796.36
2/21/2023 23:30,783.23
2/22/2023 0:00,780.64
2/22/2023 0:30,773.99
2/22/2023 1:00,809.62
2/22/2023 1:30,789.64
2/22/2023 2:00,772.64
2/22/2023 2:30,809.68
2/22/2023 3:00,792.25
2/22/2023 3:30,801.03
2/22/2023 4:00,824.84
2/22/2023 4:30,787.02
2/22/2023 5:00,771.94
2/22/2023 5:30,833.61
2/22/2023 6:00,786.42
2/22/2023 6:30,1396.07
2/22/2023 7:00,2738.35
2/22/2023 7:30,4680.3
2/22/2023 8:00,5548.61
2/22/2023 8:30,5758.39
2/22/2023 9:00,5848
2/22/2023 9:30,5728.97
2/22/2023 10:00,5291.6
2/22/2023 10:30,6001.54
2/22/2023 11:00,6000.66
2/22/2023 11:30,5983.86
2/22/2023 12:00,5118.1
2/22/2023 12:30,4670.29
2/22/2023 13:00,5415.15
2/22/2023 13:30,5449.64
2/22/2023 14:00,5659.06
2/22/2023 14:30,5537.63
2/22/2023 15:00,5586.43
2/22/2023 15:30,5657.31
2/22/2023 16:00,4868.92
2/22/2023 16:30,4690.85
2/22/2023 17:00,5070.08
2/22/2023 17:30,4960.16
2/22/2023 18:00,4904.77
2/22/2023 18:30,4333.34
2/22/2023 19:00,3718.23
2/22/2023 19:30,3971.22
2/22/2023 20:00,4252.54
2/22/2023 20:30,4212.25
2/22/2023 21:00,4028.56
2/22/2023 21:30,0
2/22/2023 22:00,3659.15
2/22/2023 22:30,3672.13
2/22/2023 23:00,3777.64
2/22/2023 23:30,3448.16
2/23/2023 0:00,2734.44
2/23/2023 0:30,1289.16
2/23/2023 1:00,1198.19
2/23/2023 1:30,1191.97
2/23/2023 2:00,1179.93
2/23/2023 2:30,1105.79
2/23/2023 3:00,917.13
2/23/2023 3:30,1065.77
2/23/2023 4:00,1061.94
2/23/2023 4:30,1010.51
2/23/2023 5:00,937.52
2/23/2023 5:30,1066.35
2/23/2023 6:00,1040.99
2/23/2023 6:30,1722.48
2/23/2023 7:00,3315.38
2/23/2023 7:30,4752.13
2/23/2023 8:00,5573.99
2/23/2023 8:30,5721.53
2/23/2023 9:00,5714.43
2/23/2023 9:30,5803.7
2/23/2023 10:00,5446.37
2/23/2023 10:30,5858.77
2/23/2023 11:00,5910.51
2/23/2023 11:30,5814.45
2/23/2023 12:00,0
2/23/2023 12:30,4597.56
2/23/2023 13:00,5584.19
2/23/2023 13:30,5790.12
2/23/2023 14:00,5784.35
2/23/2023 14:30,5633.76
2/23/2023 15:00,5485.52
2/23/2023 15:30,5493.97
2/23/2023 16:00,4535.31
2/23/2023 16:30,4197.48
2/23/2023 17:00,4461.9
2/23/2023 17:30,4432.93
2/23/2023 18:00,4486.94
2/23/2023 18:30,4164.61
2/23/2023 19:00,3829.76
2/23/2023 19:30,3870.56
2/23/2023 20:00,3846.99
2/23/2023 20:30,3853.41
2/23/2023 21:00,3688.19
2/23/2023 21:30,3656.03
2/23/2023 22:00,3300.14
2/23/2023 22:30,3229.95
2/23/2023 23:00,3337.29
2/23/2023 23:30,2927.68
2/24/2023 0:00,2567.27
2/24/2023 0:30,1292.85
2/24/2023 1:00,1295.16
2/24/2023 1:30,1128.53
2/24/2023 2:00,1009.42
2/24/2023 2:30,1034.48
2/24/2023 3:00,918.35
2/24/2023 3:30,906.42
2/24/2023 4:00,1072.13
2/24/2023 4:30,1007.64
2/24/2023 5:00,993.12
2/24/2023 5:30,1174.86
2/24/2023 6:00,1350.24
2/24/2023 6:30,1626.32
2/24/2023 7:00,3154.65
2/24/2023 7:30,4611.71
2/24/2023 8:00,5415.58
2/24/2023 8:30,5693.32
2/24/2023 9:00,5704.55
2/24/2023 9:30,5648.47
2/24/2023 10:00,5354.85
2/24/2023 10:30,5771.68
2/24/2023 11:00,5793.52
2/24/2023 11:30,5776.56
2/24/2023 12:00,4963
2/24/2023 12:30,4561.34
2/24/2023 13:00,5492.93
2/24/2023 13:30,5828.25
2/24/2023 14:00,5844.9
2/24/2023 14:30,5632.13
2/24/2023 15:00,5405.42
2/24/2023 15:30,5431.7
2/24/2023 16:00,4620.14
2/24/2023 16:30,4574.3
2/24/2023 17:00,5135.73
2/24/2023 17:30,5068.24
2/24/2023 18:00,4917.36
2/24/2023 18:30,4040.81
2/24/2023 19:00,3583.89
2/24/2023 19:30,3877.25
2/24/2023 20:00,4221.69
2/24/2023 20:30,0
2/24/2023 21:00,4235.97
2/24/2023 21:30,4157.97
2/24/2023 22:00,3664.9
2/24/2023 22:30,3579.2
2/24/2023 23:00,3856.68
2/24/2023 23:30,3460.85
2/25/2023 0:00,2313.22
2/25/2023 0:30,1136.62
2/25/2023 1:00,1184.27
2/25/2023 1:30,1167.15
2/25/2023 2:00,1120.34
2/25/2023 2:30,1181.24
2/25/2023 3:00,955.11
2/25/2023 3:30,1094.15
2/25/2023 4:00,1192.57
2/25/2023 4:30,1062.26
2/25/2023 5:00,969.82
2/25/2023 5:30,0
2/25/2023 6:00,1201.73
2/25/2023 6:30,1535.02
2/25/2023 7:00,3043.44
2/25/2023 7:30,4449.74
2/25/2023 8:00,5339.54
2/25/2023 8:30,5441.97
2/25/2023 9:00,5530.05
2/25/2023 9:30,5629.9
2/25/2023 10:00,5243.27
2/25/2023 10:30,5796.99
2/25/2023 11:00,5728.45
2/25/2023 11:30,5734.13
2/25/2023 12:00,4803.65
2/25/2023 12:30,4408.63
2/25/2023 13:00,5349.48
2/25/2023 13:30,5598.66
2/25/2023 14:00,5659.56
2/25/2023 14:30,5709.89
2/25/2023 15:00,5583.2
2/25/2023 15:30,5592.03
2/25/2023 16:00,4335.37
2/25/2023 16:30,4224.56
2/25/2023 17:00,4654.97
2/25/2023 17:30,4634.48
2/25/2023 18:00,4636.13
2/25/2023 18:30,4292.74
2/25/2023 19:00,3837.43
2/25/2023 19:30,3948.74
2/25/2023 20:00,4220.46
2/25/2023 20:30,4285.9
2/25/2023 21:00,3916.5
2/25/2023 21:30,3754.58
2/25/2023 22:00,3247.41
2/25/2023 22:30,3344.26
2/25/2023 23:00,3498.82
2/25/2023 23:30,3151.47
2/26/2023 0:00,2600.99
2/26/2023 0:30,1288.57
2/26/2023 1:00,1358.62
2/26/2023 1:30,1355.11
2/26/2023 2:00,1373.33
2/26/2023 2:30,1319.5
2/26/2023 3:00,1193.66
2/26/2023 3:30,1323.24
2/26/2023 4:00,1359.98
2/26/2023 4:30,1339.95
2/26/2023 5:00,1228.23
2/26/2023 5:30,1348.24
2/26/2023 6:00,1446.07
2/26/2023 6:30,1405.25
2/26/2023 7:00,2521.93
2/26/2023 7:30,4091.49
2/26/2023 8:00,4999.63
2/26/2023 8:30,5165.39
2/26/2023 9:00,5143.87
2/26/2023 9:30,5156.41
2/26/2023 10:00,4709.66
2/26/2023 10:30,5135.6
2/26/2023 11:00,5086.72
2/26/2023 11:30,5166.82
2/26/2023 12:00,4090.18
2/26/2023 12:30,3631.17
2/26/2023 13:00,4642.01
2/26/2023 13:30,5334.33
2/26/2023 14:00,5233.27
2/26/2023 14:30,5279.02
2/26/2023 15:00,5018.22
2/26/2023 15:30,5048.15
2/26/2023 16:00,4914.26
2/26/2023 16:30,4475.97
2/26/2023 17:00,5105.8
2/26/2023 17:30,4740.08
2/26/2023 18:00,4626.02
2/26/2023 18:30,4327.25
2/26/2023 19:00,4101.23
2/26/2023 19:30,4423.45
2/26/2023 20:00,4270.06
2/26/2023 20:30,4358.03
2/26/2023 21:00,4092.22
2/26/2023 21:30,4117.83
2/26/2023 22:00,3728.08
2/26/2023 22:30,3693.66
2/26/2023 23:00,3408.8
2/26/2023 23:30,2949.85
2/27/2023 0:00,2468.9
2/27/2023 0:30,993.51
2/27/2023 1:00,1026.99
2/27/2023 1:30,967.99
2/27/2023 2:00,968.56
2/27/2023 2:30,915.54
2/27/2023 3:00,741.04
2/27/2023 3:30,890.12
2/27/2023 4:00,966.43
2/27/2023 4:30,870.48
2/27/2023 5:00,772.13
2/27/2023 5:30,821.85
2/27/2023 6:00,801.1
2/27/2023 6:30,936.81
2/27/2023 7:00,932.69
2/27/2023 7:30,931.93
2/27/2023 8:00,1145.37
2/27/2023 8:30,1320.79
2/27/2023 9:00,1296.79
2/27/2023 9:30,1386.04
2/27/2023 10:00,1384.92
2/27/2023 10:30,1394.17
2/27/2023 11:00,1425.96
2/27/2023 11:30,1449.52
2/27/2023 12:00,1384.96
2/27/2023 12:30,1320.94
2/27/2023 13:00,1393.41
2/27/2023 13:30,1424.23
2/27/2023 14:00,1479.39
2/27/2023 14:30,1638.08
2/27/2023 15:00,2050.92
2/27/2023 15:30,2414.4
2/27/2023 16:00,2490.24
2/27/2023 16:30,2284.94
2/27/2023 17:00,2182.79
2/27/2023 17:30,2215.82
2/27/2023 18:00,2196.37
2/27/2023 18:30,2120.75
2/27/2023 19:00,2123.52
2/27/2023 19:30,2108.04
2/27/2023 20:00,2124.27
2/27/2023 20:30,2142.18
2/27/2023 21:00,2177.9
2/27/2023 21:30,2190.46
2/27/2023 22:00,2087.11
2/27/2023 22:30,2201.03
2/27/2023 23:00,2151.15
2/27/2023 23:30,1662.56
2/28/2023 0:00,1196.35
2/28/2023 0:30,929.39
2/28/2023 1:00,762.75
2/28/2023 1:30,744.7
2/28/2023 2:00,785.19
2/28/2023 2:30,747.28
2/28/2023 3:00,740.17
2/28/2023 3:30,761.35
2/28/2023 4:00,687.54
2/28/2023 4:30,711.96
2/28/2023 5:00,762.48
2/28/2023 5:30,842.11
2/28/2023 6:00,736.31
2/28/2023 6:30,774.47
2/28/2023 7:00,639.5
2/28/2023 7:30,718.92
2/28/2023 8:00,644.95
2/28/2023 8:30,578.3
2/28/2023 9:00,735.42
2/28/2023 9:30,866.05
2/28/2023 10:00,848.87
2/28/2023 10:30,870.88
2/28/2023 11:00,874.24
2/28/2023 11:30,886.59
2/28/2023 12:00,804.65
2/28/2023 12:30,743.43
2/28/2023 13:00,692.16
2/28/2023 13:30,693.45
2/28/2023 14:00,753.5
2/28/2023 14:30,726.23
2/28/2023 15:00,759.79
2/28/2023 15:30,764.82
2/28/2023 16:00,678.49
2/28/2023 16:30,650.33
2/28/2023 17:00,728.89
2/28/2023 17:30,733.26
2/28/2023 18:00,557.78
2/28/2023 18:30,572.47
2/28/2023 19:00,751.19
2/28/2023 19:30,570.66
2/28/2023 20:00,643.78
2/28/2023 20:30,607.06
2/28/2023 21:00,569.18
2/28/2023 21:30,561.99
2/28/2023 22:00,581.32
2/28/2023 22:30,635.96
2/28/2023 23:00,582.48
2/28/2023 23:30,617.36
