1/2/2023 12:30,0.0205
1/2/2023 13:00,525
1/2/2023 13:30,447
1/2/2023 14:00,167
1/2/2023 14:30,239
1/2/2023 15:00,233
1/2/2023 15:30,260
1/2/2023 16:00,244
1/2/2023 16:30,94.8
1/2/2023 17:00,46
1/2/2023 17:30,6.15
1/2/2023 18:00,0
1/2/2023 18:30,0
1/2/2023 19:00,0
1/2/2023 19:30,0
1/2/2023 20:00,0
1/2/2023 20:30,0
1/2/2023 21:00,0
1/2/2023 21:30,0
1/2/2023 22:00,0
1/2/2023 22:30,0
1/2/2023 23:00,0
1/2/2023 23:30,0
1/3/2023 0:00,0
1/3/2023 0:30,0
1/3/2023 1:00,0
1/3/2023 1:30,0
1/3/2023 2:00,0
1/3/2023 2:30,0
1/3/2023 3:00,0
1/3/2023 3:30,0
1/3/2023 4:00,0
1/3/2023 4:30,0
1/3/2023 5:00,0
1/3/2023 5:30,0
1/3/2023 6:00,91.5
1/3/2023 6:30,131
1/3/2023 7:00,189
1/3/2023 7:30,261
1/3/2023 8:00,465
1/3/2023 8:30,350
1/3/2023 9:00,462
1/3/2023 9:30,529
1/3/2023 10:00,442
1/3/2023 10:30,968
1/3/2023 11:00,771
1/3/2023 11:30,549
1/3/2023 12:00,542
1/3/2023 12:30,891
1/3/2023 13:00,434
1/3/2023 13:30,502
1/3/2023 14:00,613
1/3/2023 14:30,424
1/3/2023 15:00,248
1/3/2023 15:30,191
1/3/2023 16:00,146
1/3/2023 16:30,83.9
1/3/2023 17:00,42.4
1/3/2023 17:30,3.67
1/3/2023 18:00,0
1/3/2023 18:30,0
1/3/2023 19:00,0
1/3/2023 19:30,0
1/3/2023 20:00,0
1/3/2023 20:30,0
1/3/2023 21:00,0
1/3/2023 21:30,0
1/3/2023 22:00,0
1/3/2023 22:30,0
1/3/2023 23:00,0
1/3/2023 23:30,0
1/4/2023 0:00,0
1/4/2023 0:30,0
1/4/2023 1:00,0
1/4/2023 1:30,0
1/4/2023 2:00,0
1/4/2023 2:30,0
1/4/2023 3:00,0
1/4/2023 3:30,0
1/4/2023 4:00,0
1/4/2023 4:30,0
1/4/2023 5:00,0
1/4/2023 5:30,0
1/4/2023 6:00,31.9
1/4/2023 6:30,95.4
1/4/2023 7:00,208
1/4/2023 7:30,309
1/4/2023 8:00,428
1/4/2023 8:30,541
1/4/2023 9:00,860
1/4/2023 9:30,881
1/4/2023 10:00,503
1/4/2023 10:30,903
1/4/2023 11:00,567
1/4/2023 11:30,561
1/4/2023 12:00,657
1/4/2023 12:30,560
1/4/2023 13:00,663
1/4/2023 13:30,428
1/4/2023 14:00,670
1/4/2023 14:30,317
1/4/2023 15:00,285
1/4/2023 15:30,310
1/4/2023 16:00,146
1/4/2023 16:30,96.3
1/4/2023 17:00,30.3
1/4/2023 17:30,0
1/4/2023 18:00,0
1/4/2023 18:30,0
1/4/2023 19:00,0
1/4/2023 19:30,0
1/4/2023 20:00,0
1/4/2023 20:30,0
1/4/2023 21:00,0
1/4/2023 21:30,0
1/4/2023 22:00,0
1/4/2023 22:30,0
1/4/2023 23:00,0
1/4/2023 23:30,0
1/5/2023 0:00,0
1/5/2023 0:30,0
1/5/2023 1:00,0
1/5/2023 1:30,0
1/5/2023 2:00,0
1/5/2023 2:30,0
1/5/2023 3:00,0
1/5/2023 3:30,0
1/5/2023 4:00,0
1/5/2023 4:30,0
1/5/2023 5:00,0
1/5/2023 5:30,0
1/5/2023 6:00,45.6
1/5/2023 6:30,109
1/5/2023 7:00,149
1/5/2023 7:30,67.3
1/5/2023 8:00,120
1/5/2023 8:30,879
1/5/2023 9:00,443
1/5/2023 9:30,433
1/5/2023 10:00,608
1/5/2023 10:30,558
1/5/2023 11:00,542
1/5/2023 11:30,443
1/5/2023 12:00,794
1/5/2023 12:30,458
1/5/2023 13:00,435
1/5/2023 13:30,405
1/5/2023 14:00,350
1/5/2023 14:30,210
1/5/2023 15:00,214
1/5/2023 15:30,234
1/5/2023 16:00,203
1/5/2023 16:30,122
1/5/2023 17:00,27.9
1/5/2023 17:30,3.47
1/5/2023 18:00,0
1/5/2023 18:30,0
1/5/2023 19:00,0
1/5/2023 19:30,0
1/5/2023 20:00,0
1/5/2023 20:30,0
1/5/2023 21:00,0
1/5/2023 21:30,0
1/5/2023 22:00,0
1/5/2023 22:30,0
1/5/2023 23:00,0
1/5/2023 23:30,0
1/6/2023 0:00,0
1/6/2023 0:30,0
1/6/2023 1:00,0
1/6/2023 1:30,0
1/6/2023 2:00,0
1/6/2023 2:30,0
1/6/2023 3:00,0
1/6/2023 3:30,0
1/6/2023 4:00,0
1/6/2023 4:30,0
1/6/2023 5:00,0
1/6/2023 5:30,0
1/6/2023 6:00,48.3
1/6/2023 6:30,78.2
1/6/2023 7:00,158
1/6/2023 7:30,271
1/6/2023 8:00,453
1/6/2023 8:30,644
1/6/2023 9:00,762
1/6/2023 9:30,682
1/6/2023 10:00,672
1/6/2023 10:30,921
1/6/2023 11:00,0
1/6/2023 11:30,0
1/6/2023 12:00,0
1/6/2023 12:30,0
1/6/2023 13:00,0
1/6/2023 13:30,0
1/6/2023 14:00,0
1/6/2023 14:30,0
1/6/2023 15:00,0
1/6/2023 15:30,0
1/6/2023 16:00,0
1/6/2023 16:30,0
1/6/2023 17:00,0
1/6/2023 17:30,0
1/6/2023 18:00,0
1/6/2023 18:30,0
1/6/2023 19:00,0
1/6/2023 19:30,0
1/6/2023 20:00,0
1/6/2023 20:30,0
1/6/2023 21:00,0
1/6/2023 21:30,0
1/6/2023 22:00,0
1/6/2023 22:30,0
1/6/2023 23:00,0
1/6/2023 23:30,0
1/7/2023 0:00,0
1/7/2023 0:30,0
1/7/2023 1:00,0
1/7/2023 1:30,0
1/7/2023 2:00,0
1/7/2023 2:30,0
1/7/2023 3:00,0
1/7/2023 3:30,0
1/7/2023 4:00,0
1/7/2023 4:30,0
1/7/2023 5:00,0
1/7/2023 5:30,0
1/7/2023 6:00,0
1/7/2023 6:30,0
1/7/2023 7:00,0
1/7/2023 7:30,0
1/7/2023 8:00,0
1/7/2023 8:30,0
1/7/2023 9:00,0
1/7/2023 9:30,0
1/7/2023 10:00,0
1/7/2023 10:30,0
1/7/2023 11:00,0
1/7/2023 11:30,0
1/7/2023 12:00,0
1/7/2023 12:30,0
1/7/2023 13:00,0
1/7/2023 13:30,0
1/7/2023 14:00,0
1/7/2023 14:30,0
1/7/2023 15:00,0
1/7/2023 15:30,0
1/7/2023 16:00,0
1/7/2023 16:30,0
1/7/2023 17:00,0
1/7/2023 17:30,0
1/7/2023 18:00,0
1/7/2023 18:30,0
1/7/2023 19:00,0
1/7/2023 19:30,0
1/7/2023 20:00,0
1/7/2023 20:30,0
1/7/2023 21:00,0
1/7/2023 21:30,0
1/7/2023 22:00,0
1/7/2023 22:30,0
1/7/2023 23:00,0
1/7/2023 23:30,0
1/8/2023 0:00,0
1/8/2023 0:30,0
1/8/2023 1:00,0
1/8/2023 1:30,0
1/8/2023 2:00,0
1/8/2023 2:30,0
1/8/2023 3:00,0
1/8/2023 3:30,0
1/8/2023 4:00,0
1/8/2023 4:30,0
1/8/2023 5:00,0
1/8/2023 5:30,0
1/8/2023 6:00,0
1/8/2023 6:30,0
1/8/2023 7:00,0
1/8/2023 7:30,0
1/8/2023 8:00,0
1/8/2023 8:30,0
1/8/2023 9:00,0
1/8/2023 9:30,0
1/8/2023 10:00,0
1/8/2023 10:30,0
1/8/2023 11:00,0
1/8/2023 11:30,0
1/8/2023 12:00,0
1/8/2023 12:30,0
1/8/2023 13:00,0
1/8/2023 13:30,0
1/8/2023 14:00,0
1/8/2023 14:30,0
1/8/2023 15:00,0
1/8/2023 15:30,0
1/8/2023 16:00,0
1/8/2023 16:30,0
1/8/2023 17:00,0
1/8/2023 17:30,0
1/8/2023 18:00,0
1/8/2023 18:30,0
1/8/2023 19:00,0
1/8/2023 19:30,0
1/8/2023 20:00,0
1/8/2023 20:30,0
1/8/2023 21:00,0
1/8/2023 21:30,0
1/8/2023 22:00,0
1/8/2023 22:30,0
1/8/2023 23:00,0
1/8/2023 23:30,0
1/9/2023 0:00,0
1/9/2023 0:30,0
1/9/2023 1:00,0
1/9/2023 1:30,0
1/9/2023 2:00,0
1/9/2023 2:30,0
1/9/2023 3:00,0
1/9/2023 3:30,0
1/9/2023 4:00,0
1/9/2023 4:30,0
1/9/2023 5:00,0
1/9/2023 5:30,0
1/9/2023 6:00,0
1/9/2023 6:30,0
1/9/2023 7:00,0
1/9/2023 7:30,0
1/9/2023 8:00,0
1/9/2023 8:30,0
1/9/2023 9:00,0
1/9/2023 9:30,0
1/9/2023 10:00,0
1/9/2023 10:30,0
1/9/2023 11:00,0
1/9/2023 11:30,0
1/9/2023 12:00,493
1/9/2023 12:30,885
1/9/2023 13:00,272
1/9/2023 13:30,833
1/9/2023 14:00,0
1/9/2023 14:30,0
1/9/2023 15:00,0
1/9/2023 15:30,0
1/9/2023 16:00,0
1/9/2023 16:30,0
1/9/2023 17:00,0
1/9/2023 17:30,0
1/9/2023 18:00,0
1/9/2023 18:30,0
1/9/2023 19:00,0
1/9/2023 19:30,0
1/9/2023 20:00,0
1/9/2023 20:30,0
1/9/2023 21:00,0
1/9/2023 21:30,0
1/9/2023 22:00,0
1/9/2023 22:30,0
1/9/2023 23:00,0
1/9/2023 23:30,0
1/10/2023 0:00,0
1/10/2023 0:30,0
1/10/2023 1:00,0
1/10/2023 1:30,0
1/10/2023 2:00,0
1/10/2023 2:30,0
1/10/2023 3:00,0
1/10/2023 3:30,0
1/10/2023 4:00,0
1/10/2023 4:30,0
1/10/2023 5:00,0
1/10/2023 5:30,0
1/10/2023 6:00,0
1/10/2023 6:30,0
1/10/2023 7:00,0
1/10/2023 7:30,0
1/10/2023 8:00,0
1/10/2023 8:30,0
1/10/2023 9:00,0
1/10/2023 9:30,0
1/10/2023 10:00,0
1/10/2023 10:30,0
1/10/2023 11:00,697
1/10/2023 11:30,726
1/10/2023 12:00,732
1/10/2023 12:30,570
1/10/2023 13:00,526
1/10/2023 13:30,687
1/10/2023 14:00,526
1/10/2023 14:30,293
1/10/2023 15:00,122
1/10/2023 15:30,134
1/10/2023 16:00,72.4
1/10/2023 16:30,52.5
1/10/2023 17:00,18.6
1/10/2023 17:30,0.563
1/10/2023 18:00,0
1/10/2023 18:30,0
1/10/2023 19:00,0
1/10/2023 19:30,0
1/10/2023 20:00,0
1/10/2023 20:30,0
1/10/2023 21:00,0
1/10/2023 21:30,0
1/10/2023 22:00,0
1/10/2023 22:30,0
1/10/2023 23:00,0
1/10/2023 23:30,0
1/11/2023 0:00,0
1/11/2023 0:30,0
1/11/2023 1:00,0
1/11/2023 1:30,0
1/11/2023 2:00,0
1/11/2023 2:30,0
1/11/2023 3:00,0
1/11/2023 3:30,0
1/11/2023 4:00,0
1/11/2023 4:30,0
1/11/2023 5:00,0
1/11/2023 5:30,0
1/11/2023 6:00,82.9
1/11/2023 6:30,117
1/11/2023 7:00,263
1/11/2023 7:30,395
1/11/2023 8:00,508
1/11/2023 8:30,663
1/11/2023 9:00,702
1/11/2023 9:30,679
1/11/2023 10:00,653
1/11/2023 10:30,886
1/11/2023 11:00,860
1/11/2023 11:30,746
1/11/2023 12:00,528
1/11/2023 12:30,811
1/11/2023 13:00,814
1/11/2023 13:30,498
1/11/2023 14:00,221
1/11/2023 14:30,187
1/11/2023 15:00,41.8
1/11/2023 15:30,14.2
1/11/2023 16:00,11.7
1/11/2023 16:30,14.2
1/11/2023 17:00,3.88
1/11/2023 17:30,1.62
1/11/2023 18:00,0
1/11/2023 18:30,0
1/11/2023 19:00,0
1/11/2023 19:30,0
1/11/2023 20:00,0
1/11/2023 20:30,0
1/11/2023 21:00,0
1/11/2023 21:30,0
1/11/2023 22:00,0
1/11/2023 22:30,0
1/11/2023 23:00,0
1/11/2023 23:30,0
1/12/2023 0:00,0
1/12/2023 0:30,0
1/12/2023 1:00,0
1/12/2023 1:30,0
1/12/2023 2:00,0
1/12/2023 2:30,0
1/12/2023 3:00,0
1/12/2023 3:30,0
1/12/2023 4:00,0
1/12/2023 4:30,0
1/12/2023 5:00,0
1/12/2023 5:30,0
1/12/2023 6:00,49.4
1/12/2023 6:30,117
1/12/2023 7:00,228
1/12/2023 7:30,375
1/12/2023 8:00,456
1/12/2023 8:30,601
1/12/2023 9:00,666
1/12/2023 9:30,717
1/12/2023 10:00,748
1/12/2023 10:30,685
1/12/2023 11:00,949
1/12/2023 11:30,922
1/12/2023 12:00,936
1/12/2023 12:30,638
1/12/2023 13:00,496
1/12/2023 13:30,511
1/12/2023 14:00,686
1/12/2023 14:30,364
1/12/2023 15:00,254
1/12/2023 15:30,156
1/12/2023 16:00,108
1/12/2023 16:30,161
1/12/2023 17:00,73.3
1/12/2023 17:30,9.13
1/12/2023 18:00,0
1/12/2023 18:30,0
1/12/2023 19:00,0
1/12/2023 19:30,0
1/12/2023 20:00,0
1/12/2023 20:30,0
1/12/2023 21:00,0
1/12/2023 21:30,0
1/12/2023 22:00,0
1/12/2023 22:30,0
1/12/2023 23:00,0
1/12/2023 23:30,0
1/13/2023 0:00,0
1/13/2023 0:30,0
1/13/2023 1:00,0
1/13/2023 1:30,0
1/13/2023 2:00,0
1/13/2023 2:30,0
1/13/2023 3:00,0
1/13/2023 3:30,0
1/13/2023 4:00,0
1/13/2023 4:30,0
1/13/2023 5:00,0
1/13/2023 5:30,0
1/13/2023 6:00,85.8
1/13/2023 6:30,149
1/13/2023 7:00,218
1/13/2023 7:30,276
1/13/2023 8:00,310
1/13/2023 8:30,394
1/13/2023 9:00,507
1/13/2023 9:30,395
1/13/2023 10:00,968
1/13/2023 10:30,310
1/13/2023 11:00,322
1/13/2023 11:30,583
1/13/2023 12:00,834
1/13/2023 12:30,810
1/13/2023 13:00,434
1/13/2023 13:30,539
1/13/2023 14:00,526
1/13/2023 14:30,158
1/13/2023 15:00,180
1/13/2023 15:30,137
1/13/2023 16:00,104
1/13/2023 16:30,7.89
1/13/2023 17:00,1.05
1/13/2023 17:30,0.00938
1/13/2023 18:00,0
1/13/2023 18:30,0
1/13/2023 19:00,0
1/13/2023 19:30,0
1/13/2023 20:00,0
1/13/2023 20:30,0
1/13/2023 21:00,0
1/13/2023 21:30,0
1/13/2023 22:00,0
1/13/2023 22:30,0
1/13/2023 23:00,0
1/13/2023 23:30,0
1/14/2023 0:00,0
1/14/2023 0:30,0
1/14/2023 1:00,0
1/14/2023 1:30,0
1/14/2023 2:00,0
1/14/2023 2:30,0
1/14/2023 3:00,0
1/14/2023 3:30,0
1/14/2023 4:00,0
1/14/2023 4:30,0
1/14/2023 5:00,0
1/14/2023 5:30,0
1/14/2023 6:00,74.1
1/14/2023 6:30,135
1/14/2023 7:00,233
1/14/2023 7:30,338
1/14/2023 8:00,446
1/14/2023 8:30,588
1/14/2023 9:00,669
1/14/2023 9:30,773
1/14/2023 10:00,887
1/14/2023 10:30,933
1/14/2023 11:00,623
1/14/2023 11:30,318
1/14/2023 12:00,723
1/14/2023 12:30,611
1/14/2023 13:00,309
1/14/2023 13:30,477
1/14/2023 14:00,435
1/14/2023 14:30,506
1/14/2023 15:00,268
1/14/2023 15:30,206
1/14/2023 16:00,269
1/14/2023 16:30,135
1/14/2023 17:00,33.4
1/14/2023 17:30,0.383
1/14/2023 18:00,0
1/14/2023 18:30,0
1/14/2023 19:00,0
1/14/2023 19:30,0
1/14/2023 20:00,0
1/14/2023 20:30,0
1/14/2023 21:00,0
1/14/2023 21:30,0
1/14/2023 22:00,0
1/14/2023 22:30,0
1/14/2023 23:00,0
1/14/2023 23:30,0
1/15/2023 0:00,0
1/15/2023 0:30,0
1/15/2023 1:00,0
1/15/2023 1:30,0
1/15/2023 2:00,0
1/15/2023 2:30,0
1/15/2023 3:00,0
1/15/2023 3:30,0
1/15/2023 4:00,0
1/15/2023 4:30,0
1/15/2023 5:00,0
1/15/2023 5:30,0
1/15/2023 6:00,53.5
1/15/2023 6:30,131
1/15/2023 7:00,238
1/15/2023 7:30,349
1/15/2023 8:00,463
1/15/2023 8:30,363
1/15/2023 9:00,514
1/15/2023 9:30,597
1/15/2023 10:00,890
1/15/2023 10:30,793
1/15/2023 11:00,946
1/15/2023 11:30,644
1/15/2023 12:00,582
1/15/2023 12:30,667
1/15/2023 13:00,649
1/15/2023 13:30,793
1/15/2023 14:00,712
1/15/2023 14:30,311
1/15/2023 15:00,387
1/15/2023 15:30,294
1/15/2023 16:00,197
1/15/2023 16:30,111
1/15/2023 17:00,34.4
1/15/2023 17:30,1.97
1/15/2023 18:00,0
1/15/2023 18:30,0
1/15/2023 19:00,0
1/15/2023 19:30,0
1/15/2023 20:00,0
1/15/2023 20:30,0
1/15/2023 21:00,0
1/15/2023 21:30,0
1/15/2023 22:00,0
1/15/2023 22:30,0
1/15/2023 23:00,0
1/15/2023 23:30,0
1/16/2023 0:00,0
1/16/2023 0:30,0
1/16/2023 1:00,0
1/16/2023 1:30,0
1/16/2023 2:00,0
1/16/2023 2:30,0
1/16/2023 3:00,0
1/16/2023 3:30,0
1/16/2023 4:00,0
1/16/2023 4:30,0
1/16/2023 5:00,0
1/16/2023 5:30,0
1/16/2023 6:00,68.8
1/16/2023 6:30,159
1/16/2023 7:00,245
1/16/2023 7:30,395
1/16/2023 8:00,384
1/16/2023 8:30,400
1/16/2023 9:00,616
1/16/2023 9:30,855
1/16/2023 10:00,916
1/16/2023 10:30,464
1/16/2023 11:00,859
1/16/2023 11:30,306
1/16/2023 12:00,398
1/16/2023 12:30,967
1/16/2023 13:00,372
1/16/2023 13:30,342
1/16/2023 14:00,419
1/16/2023 14:30,548
1/16/2023 15:00,294
1/16/2023 15:30,126
1/16/2023 16:00,78
1/16/2023 16:30,33.9
1/16/2023 17:00,22.2
1/16/2023 17:30,2.75
1/16/2023 18:00,0
1/16/2023 18:30,0
1/16/2023 19:00,0
1/16/2023 19:30,0
1/16/2023 20:00,0
1/16/2023 20:30,0
1/16/2023 21:00,0
1/16/2023 21:30,0
1/16/2023 22:00,0
1/16/2023 22:30,0
1/16/2023 23:00,0
1/16/2023 23:30,0
1/17/2023 0:00,0
1/17/2023 0:30,0
1/17/2023 1:00,0
1/17/2023 1:30,0
1/17/2023 2:00,0
1/17/2023 2:30,0
1/17/2023 3:00,0
1/17/2023 3:30,0
1/17/2023 4:00,0
1/17/2023 4:30,0
1/17/2023 5:00,0
1/17/2023 5:30,0
1/17/2023 6:00,40.6
1/17/2023 6:30,171
1/17/2023 7:00,107
1/17/2023 7:30,531
1/17/2023 8:00,519
1/17/2023 8:30,292
1/17/2023 9:00,399
1/17/2023 9:30,461
1/17/2023 10:00,455
1/17/2023 10:30,769
1/17/2023 11:00,483
1/17/2023 11:30,124
1/17/2023 12:00,128
1/17/2023 12:30,109
1/17/2023 13:00,120
1/17/2023 13:30,185
1/17/2023 14:00,181
1/17/2023 14:30,158
1/17/2023 15:00,115
1/17/2023 15:30,41.2
1/17/2023 16:00,53.5
1/17/2023 16:30,56
1/17/2023 17:00,18.1
1/17/2023 17:30,2.26
1/17/2023 18:00,0
1/17/2023 18:30,0
1/17/2023 19:00,0
1/17/2023 19:30,0
1/17/2023 20:00,0
1/17/2023 20:30,0
1/17/2023 21:00,0
1/17/2023 21:30,0
1/17/2023 22:00,0
1/17/2023 22:30,0
1/17/2023 23:00,0
1/17/2023 23:30,0
1/18/2023 0:00,0
1/18/2023 0:30,0
1/18/2023 1:00,0
1/18/2023 1:30,0
1/18/2023 2:00,0
1/18/2023 2:30,0
1/18/2023 3:00,0
1/18/2023 3:30,0
1/18/2023 4:00,0
1/18/2023 4:30,0
1/18/2023 5:00,0
1/18/2023 5:30,0
1/18/2023 6:00,43.8
1/18/2023 6:30,109
1/18/2023 7:00,172
1/18/2023 7:30,240
1/18/2023 8:00,309
1/18/2023 8:30,398
1/18/2023 9:00,468
1/18/2023 9:30,538
1/18/2023 10:00,583
1/18/2023 10:30,586
1/18/2023 11:00,420
1/18/2023 11:30,639
1/18/2023 12:00,403
1/18/2023 12:30,364
1/18/2023 13:00,83.5
1/18/2023 13:30,346
1/18/2023 14:00,562
1/18/2023 14:30,410
1/18/2023 15:00,259
1/18/2023 15:30,204
1/18/2023 16:00,81.4
1/18/2023 16:30,27.4
1/18/2023 17:00,9.98
1/18/2023 17:30,0
1/18/2023 18:00,0
1/18/2023 18:30,0
1/18/2023 19:00,0
1/18/2023 19:30,0
1/18/2023 20:00,0
1/18/2023 20:30,0
1/18/2023 21:00,0
1/18/2023 21:30,0
1/18/2023 22:00,0
1/18/2023 22:30,0
1/18/2023 23:00,0
1/18/2023 23:30,0
1/19/2023 0:00,0
1/19/2023 0:30,0
1/19/2023 1:00,0
1/19/2023 1:30,0
1/19/2023 2:00,0
1/19/2023 2:30,0
1/19/2023 3:00,0
1/19/2023 3:30,0
1/19/2023 4:00,0
1/19/2023 4:30,0
1/19/2023 5:00,0
1/19/2023 5:30,0
1/19/2023 6:00,11.8
1/19/2023 6:30,44.8
1/19/2023 7:00,37.7
1/19/2023 7:30,112
1/19/2023 8:00,212
1/19/2023 8:30,295
1/19/2023 9:00,355
1/19/2023 9:30,515
1/19/2023 10:00,567
1/19/2023 10:30,581
1/19/2023 11:00,587
1/19/2023 11:30,443
1/19/2023 12:00,715
1/19/2023 12:30,239
1/19/2023 13:00,62.8
1/19/2023 13:30,267
1/19/2023 14:00,240
1/19/2023 14:30,445
1/19/2023 15:00,517
1/19/2023 15:30,346
1/19/2023 16:00,175
1/19/2023 16:30,136
1/19/2023 17:00,61.3
1/19/2023 17:30,11
1/19/2023 18:00,0
1/19/2023 18:30,0
1/19/2023 19:00,0
1/19/2023 19:30,0
1/19/2023 20:00,0
1/19/2023 20:30,0
1/19/2023 21:00,0
1/19/2023 21:30,0
1/19/2023 22:00,0
1/19/2023 22:30,0
1/19/2023 23:00,0
1/19/2023 23:30,0
1/20/2023 0:00,0
1/20/2023 0:30,0
1/20/2023 1:00,0
1/20/2023 1:30,0
1/20/2023 2:00,0
1/20/2023 2:30,0
1/20/2023 3:00,0
1/20/2023 3:30,0
1/20/2023 4:00,0
1/20/2023 4:30,0
1/20/2023 5:00,0
1/20/2023 5:30,0
1/20/2023 6:00,49.6
1/20/2023 6:30,120
1/20/2023 7:00,185
1/20/2023 7:30,245
1/20/2023 8:00,435
1/20/2023 8:30,657
1/20/2023 9:00,664
1/20/2023 9:30,812
1/20/2023 10:00,874
1/20/2023 10:30,949
1/20/2023 11:00,926
1/20/2023 11:30,934
1/20/2023 12:00,882
1/20/2023 12:30,150
1/20/2023 13:00,233
1/20/2023 13:30,211
1/20/2023 14:00,146
1/20/2023 14:30,159
1/20/2023 15:00,166
1/20/2023 15:30,149
1/20/2023 16:00,94
1/20/2023 16:30,66.7
1/20/2023 17:00,24.5
1/20/2023 17:30,3.94
1/20/2023 18:00,0
1/20/2023 18:30,0
1/20/2023 19:00,0
1/20/2023 19:30,0
1/20/2023 20:00,0
1/20/2023 20:30,0
1/20/2023 21:00,0
1/20/2023 21:30,0
1/20/2023 22:00,0
1/20/2023 22:30,0
1/20/2023 23:00,0
1/20/2023 23:30,0
1/21/2023 0:00,0
1/21/2023 0:30,0
1/21/2023 1:00,0
1/21/2023 1:30,0
1/21/2023 2:00,0
1/21/2023 2:30,0
1/21/2023 3:00,0
1/21/2023 3:30,0
1/21/2023 4:00,0
1/21/2023 4:30,0
1/21/2023 5:00,0
1/21/2023 5:30,0
1/21/2023 6:00,99.2
1/21/2023 6:30,174
1/21/2023 7:00,192
1/21/2023 7:30,370
1/21/2023 8:00,473
1/21/2023 8:30,546
1/21/2023 9:00,589
1/21/2023 9:30,812
1/21/2023 10:00,669
1/21/2023 10:30,846
1/21/2023 11:00,822
1/21/2023 11:30,343
1/21/2023 12:00,838
1/21/2023 12:30,342
1/21/2023 13:00,624
1/21/2023 13:30,871
1/21/2023 14:00,617
1/21/2023 14:30,7.97
1/21/2023 15:00,36.4
1/21/2023 15:30,20
1/21/2023 16:00,18.1
1/21/2023 16:30,21.1
1/21/2023 17:00,5.83
1/21/2023 17:30,0
1/21/2023 18:00,0
1/21/2023 18:30,0
1/21/2023 19:00,0
1/21/2023 19:30,0
1/21/2023 20:00,0
1/21/2023 20:30,0
1/21/2023 21:00,0
1/21/2023 21:30,0
1/21/2023 22:00,0
1/21/2023 22:30,0
1/21/2023 23:00,0
1/21/2023 23:30,0
1/22/2023 0:00,0
1/22/2023 0:30,0
1/22/2023 1:00,0
1/22/2023 1:30,0
1/22/2023 2:00,0
1/22/2023 2:30,0
1/22/2023 3:00,0
1/22/2023 3:30,0
1/22/2023 4:00,0
1/22/2023 4:30,0
1/22/2023 5:00,0
1/22/2023 5:30,0
1/22/2023 6:00,62.3
1/22/2023 6:30,138
1/22/2023 7:00,183
1/22/2023 7:30,350
1/22/2023 8:00,437
1/22/2023 8:30,578
1/22/2023 9:00,600
1/22/2023 9:30,690
1/22/2023 10:00,831
1/22/2023 10:30,682
1/22/2023 11:00,939
1/22/2023 11:30,968
1/22/2023 12:00,215
1/22/2023 12:30,999
1/22/2023 13:00,741
1/22/2023 13:30,367
1/22/2023 14:00,251
1/22/2023 14:30,85.7
1/22/2023 15:00,299
1/22/2023 15:30,279
1/22/2023 16:00,39
1/22/2023 16:30,14.9
1/22/2023 17:00,7.25
1/22/2023 17:30,3.52
1/22/2023 18:00,0
1/22/2023 18:30,0
1/22/2023 19:00,0
1/22/2023 19:30,0
1/22/2023 20:00,0
1/22/2023 20:30,0
1/22/2023 21:00,0
1/22/2023 21:30,0
1/22/2023 22:00,0
1/22/2023 22:30,0
1/22/2023 23:00,0
1/22/2023 23:30,0
1/23/2023 0:00,0
1/23/2023 0:30,0
1/23/2023 1:00,0
1/23/2023 1:30,0
1/23/2023 2:00,0
1/23/2023 2:30,0
1/23/2023 3:00,0
1/23/2023 3:30,0
1/23/2023 4:00,0
1/23/2023 4:30,0
1/23/2023 5:00,0
1/23/2023 5:30,0
1/23/2023 6:00,26.5
1/23/2023 6:30,66.5
1/23/2023 7:00,143
1/23/2023 7:30,290
1/23/2023 8:00,327
1/23/2023 8:30,418
1/23/2023 9:00,464
1/23/2023 9:30,900
1/23/2023 10:00,562
1/23/2023 10:30,790
1/23/2023 11:00,741
1/23/2023 11:30,758
1/23/2023 12:00,954
1/23/2023 12:30,895
1/23/2023 13:00,400
1/23/2023 13:30,487
1/23/2023 14:00,331
1/23/2023 14:30,279
1/23/2023 15:00,293
1/23/2023 15:30,285
1/23/2023 16:00,230
1/23/2023 16:30,124
1/23/2023 17:00,48.2
1/23/2023 17:30,8.29
1/23/2023 18:00,0
1/23/2023 18:30,0
1/23/2023 19:00,0
1/23/2023 19:30,0
1/23/2023 20:00,0
1/23/2023 20:30,0
1/23/2023 21:00,0
1/23/2023 21:30,0
1/23/2023 22:00,0
1/23/2023 22:30,0
1/23/2023 23:00,0
1/23/2023 23:30,0
1/24/2023 0:00,0
1/24/2023 0:30,0
1/24/2023 1:00,0
1/24/2023 1:30,0
1/24/2023 2:00,0
1/24/2023 2:30,0
1/24/2023 3:00,0
1/24/2023 3:30,0
1/24/2023 4:00,0
1/24/2023 4:30,0
1/24/2023 5:00,0
1/24/2023 5:30,0
1/24/2023 6:00,48.7
1/24/2023 6:30,115
1/24/2023 7:00,207
1/24/2023 7:30,395
1/24/2023 8:00,566
1/24/2023 8:30,359
1/24/2023 9:00,379
1/24/2023 9:30,703
1/24/2023 10:00,648
1/24/2023 10:30,737
1/24/2023 11:00,622
1/24/2023 11:30,910
1/24/2023 12:00,999
1/24/2023 12:30,857
1/24/2023 13:00,832
1/24/2023 13:30,693
1/24/2023 14:00,574
1/24/2023 14:30,520
1/24/2023 15:00,406
1/24/2023 15:30,300
1/24/2023 16:00,133
1/24/2023 16:30,64.9
1/24/2023 17:00,43.7
1/24/2023 17:30,7.32
1/24/2023 18:00,0
1/24/2023 18:30,0
1/24/2023 19:00,0
1/24/2023 19:30,0
1/24/2023 20:00,0
1/24/2023 20:30,0
1/24/2023 21:00,0
1/24/2023 21:30,0
1/24/2023 22:00,0
1/24/2023 22:30,0
1/24/2023 23:00,0
1/24/2023 23:30,0
1/25/2023 0:00,0
1/25/2023 0:30,0
1/25/2023 1:00,0
1/25/2023 1:30,0
1/25/2023 2:00,0
1/25/2023 2:30,0
1/25/2023 3:00,0
1/25/2023 3:30,0
1/25/2023 4:00,0
1/25/2023 4:30,0
1/25/2023 5:00,0
1/25/2023 5:30,0
1/25/2023 6:00,41.6
1/25/2023 6:30,79.9
1/25/2023 7:00,131
1/25/2023 7:30,215
1/25/2023 8:00,246
1/25/2023 8:30,415
1/25/2023 9:00,426
1/25/2023 9:30,495
1/25/2023 10:00,222
1/25/2023 10:30,414
1/25/2023 11:00,160
1/25/2023 11:30,136
1/25/2023 12:00,327
1/25/2023 12:30,434
1/25/2023 13:00,185
1/25/2023 13:30,230
1/25/2023 14:00,94.4
1/25/2023 14:30,97.9
1/25/2023 15:00,70.8
1/25/2023 15:30,83.1
1/25/2023 16:00,86.7
1/25/2023 16:30,45.6
1/25/2023 17:00,21.5
1/25/2023 17:30,0.653
1/25/2023 18:00,0
1/25/2023 18:30,0
1/25/2023 19:00,0
1/25/2023 19:30,0
1/25/2023 20:00,0
1/25/2023 20:30,0
1/25/2023 21:00,0
1/25/2023 21:30,0
1/25/2023 22:00,0
1/25/2023 22:30,0
1/25/2023 23:00,0
1/25/2023 23:30,0
1/26/2023 0:00,0
1/26/2023 0:30,0
1/26/2023 1:00,0
1/26/2023 1:30,0
1/26/2023 2:00,0
1/26/2023 2:30,0
1/26/2023 3:00,0
1/26/2023 3:30,0
1/26/2023 4:00,0
1/26/2023 4:30,0
1/26/2023 5:00,0
1/26/2023 5:30,0
1/26/2023 6:00,47.8
1/26/2023 6:30,119
1/26/2023 7:00,196
1/26/2023 7:30,311
1/26/2023 8:00,377
1/26/2023 8:30,552
1/26/2023 9:00,741
1/26/2023 9:30,613
1/26/2023 10:00,787
1/26/2023 10:30,706
1/26/2023 11:00,273
1/26/2023 11:30,838
1/26/2023 12:00,365
1/26/2023 12:30,774
1/26/2023 13:00,499
1/26/2023 13:30,552
1/26/2023 14:00,372
1/26/2023 14:30,329
1/26/2023 15:00,446
1/26/2023 15:30,254
1/26/2023 16:00,151
1/26/2023 16:30,113
1/26/2023 17:00,47.2
1/26/2023 17:30,8.06
1/26/2023 18:00,0
1/26/2023 18:30,0
1/26/2023 19:00,0
1/26/2023 19:30,0
1/26/2023 20:00,0
1/26/2023 20:30,0
1/26/2023 21:00,0
1/26/2023 21:30,0
1/26/2023 22:00,0
1/26/2023 22:30,0
1/26/2023 23:00,0
1/26/2023 23:30,0
1/27/2023 0:00,0
1/27/2023 0:30,0
1/27/2023 1:00,0
1/27/2023 1:30,0
1/27/2023 2:00,0
1/27/2023 2:30,0
1/27/2023 3:00,0
1/27/2023 3:30,0
1/27/2023 4:00,0
1/27/2023 4:30,0
1/27/2023 5:00,0
1/27/2023 5:30,0
1/27/2023 6:00,17.8
1/27/2023 6:30,39.2
1/27/2023 7:00,75.8
1/27/2023 7:30,55.5
1/27/2023 8:00,95
1/27/2023 8:30,154
1/27/2023 9:00,337
1/27/2023 9:30,145
1/27/2023 10:00,189
1/27/2023 10:30,236
1/27/2023 11:00,395
1/27/2023 11:30,402
1/27/2023 12:00,326
1/27/2023 12:30,323
1/27/2023 13:00,266
1/27/2023 13:30,308
1/27/2023 14:00,350
1/27/2023 14:30,245
1/27/2023 15:00,159
1/27/2023 15:30,156
1/27/2023 16:00,90.1
1/27/2023 16:30,37
1/27/2023 17:00,26.2
1/27/2023 17:30,4.17
1/27/2023 18:00,0
1/27/2023 18:30,0
1/27/2023 19:00,0
1/27/2023 19:30,0
1/27/2023 20:00,0
1/27/2023 20:30,0
1/27/2023 21:00,0
1/27/2023 21:30,0
1/27/2023 22:00,0
1/27/2023 22:30,0
1/27/2023 23:00,0
1/27/2023 23:30,0
1/28/2023 0:00,0
1/28/2023 0:30,0
1/28/2023 1:00,0
1/28/2023 1:30,0
1/28/2023 2:00,0
1/28/2023 2:30,0
1/28/2023 3:00,0
1/28/2023 3:30,0
1/28/2023 4:00,0
1/28/2023 4:30,0
1/28/2023 5:00,0
1/28/2023 5:30,0
1/28/2023 6:00,27.5
1/28/2023 6:30,35.8
1/28/2023 7:00,68.7
1/28/2023 7:30,32.2
1/28/2023 8:00,78.9
1/28/2023 8:30,122
1/28/2023 9:00,95.2
1/28/2023 9:30,85.6
1/28/2023 10:00,110
1/28/2023 10:30,166
1/28/2023 11:00,147
1/28/2023 11:30,161
1/28/2023 12:00,181
1/28/2023 12:30,124
1/28/2023 13:00,230
1/28/2023 13:30,259
1/28/2023 14:00,286
1/28/2023 14:30,234
1/28/2023 15:00,200
1/28/2023 15:30,133
1/28/2023 16:00,101
1/28/2023 16:30,74.4
1/28/2023 17:00,47.6
1/28/2023 17:30,7.71
1/28/2023 18:00,0
1/28/2023 18:30,0
1/28/2023 19:00,0
1/28/2023 19:30,0
1/28/2023 20:00,0
1/28/2023 20:30,0
1/28/2023 21:00,0
1/28/2023 21:30,0
1/28/2023 22:00,0
1/28/2023 22:30,0
1/28/2023 23:00,0
1/28/2023 23:30,0
1/29/2023 0:00,0
1/29/2023 0:30,0
1/29/2023 1:00,0
1/29/2023 1:30,0
1/29/2023 2:00,0
1/29/2023 2:30,0
1/29/2023 3:00,0
1/29/2023 3:30,0
1/29/2023 4:00,0
1/29/2023 4:30,0
1/29/2023 5:00,0
1/29/2023 5:30,0
1/29/2023 6:00,25.4
1/29/2023 6:30,23.4
1/29/2023 7:00,137
1/29/2023 7:30,104
1/29/2023 8:00,108
1/29/2023 8:30,302
1/29/2023 9:00,765
1/29/2023 9:30,167
1/29/2023 10:00,456
1/29/2023 10:30,466
1/29/2023 11:00,354
1/29/2023 11:30,72.3
1/29/2023 12:00,344
1/29/2023 12:30,379
1/29/2023 13:00,356
1/29/2023 13:30,332
1/29/2023 14:00,389
1/29/2023 14:30,417
1/29/2023 15:00,269
1/29/2023 15:30,322
1/29/2023 16:00,179
1/29/2023 16:30,101
1/29/2023 17:00,49.9
1/29/2023 17:30,9.97
1/29/2023 18:00,0
1/29/2023 18:30,0
1/29/2023 19:00,0
1/29/2023 19:30,0
1/29/2023 20:00,0
1/29/2023 20:30,0
1/29/2023 21:00,0
1/29/2023 21:30,0
1/29/2023 22:00,0
1/29/2023 22:30,0
1/29/2023 23:00,0
1/29/2023 23:30,0
1/30/2023 0:00,0
1/30/2023 0:30,0
1/30/2023 1:00,0
1/30/2023 1:30,0
1/30/2023 2:00,0
1/30/2023 2:30,0
1/30/2023 3:00,0
1/30/2023 3:30,0
1/30/2023 4:00,0
1/30/2023 4:30,0
1/30/2023 5:00,0
1/30/2023 5:30,0
1/30/2023 6:00,50.4
1/30/2023 6:30,106
1/30/2023 7:00,217
1/30/2023 7:30,226
1/30/2023 8:00,328
1/30/2023 8:30,372
1/30/2023 9:00,411
1/30/2023 9:30,169
1/30/2023 10:00,381
1/30/2023 10:30,599
1/30/2023 11:00,80.7
1/30/2023 11:30,217
1/30/2023 12:00,287
1/30/2023 12:30,939
1/30/2023 13:00,834
1/30/2023 13:30,590
1/30/2023 14:00,403
1/30/2023 14:30,731
1/30/2023 15:00,269
1/30/2023 15:30,332
1/30/2023 16:00,161
1/30/2023 16:30,90.6
1/30/2023 17:00,40.8
1/30/2023 17:30,5.87
1/30/2023 18:00,0
1/30/2023 18:30,0
1/30/2023 19:00,0
1/30/2023 19:30,0
1/30/2023 20:00,0
1/30/2023 20:30,0
1/30/2023 21:00,0
1/30/2023 21:30,0
1/30/2023 22:00,0
1/30/2023 22:30,0
1/30/2023 23:00,0
1/30/2023 23:30,0
1/31/2023 0:00,0
1/31/2023 0:30,0
1/31/2023 1:00,0
1/31/2023 1:30,0
1/31/2023 2:00,0
1/31/2023 2:30,0
1/31/2023 3:00,0
1/31/2023 3:30,0
1/31/2023 4:00,0
1/31/2023 4:30,0
1/31/2023 5:00,0
1/31/2023 5:30,0
1/31/2023 6:00,61.8
1/31/2023 6:30,147
1/31/2023 7:00,205
1/31/2023 7:30,424
1/31/2023 8:00,434
1/31/2023 8:30,354
1/31/2023 9:00,374
1/31/2023 9:30,436
1/31/2023 10:00,428
1/31/2023 10:30,402
1/31/2023 11:00,518
1/31/2023 11:30,424
1/31/2023 12:00,421
1/31/2023 12:30,240
1/31/2023 13:00,454
1/31/2023 13:30,484
1/31/2023 14:00,139
1/31/2023 14:30,67
1/31/2023 15:00,188
1/31/2023 15:30,56.7
1/31/2023 16:00,96.3
1/31/2023 16:30,40.4
1/31/2023 17:00,23.6
1/31/2023 17:30,3.27
1/31/2023 18:00,0
1/31/2023 18:30,0
1/31/2023 19:00,0
1/31/2023 19:30,0
1/31/2023 20:00,0
1/31/2023 20:30,0
1/31/2023 21:00,0
1/31/2023 21:30,0
1/31/2023 22:00,0
1/31/2023 22:30,0
1/31/2023 23:00,0
1/31/2023 23:30,0
2/1/2023 0:00,0
2/1/2023 0:30,0
2/1/2023 1:00,0
2/1/2023 1:30,0
2/1/2023 2:00,0
2/1/2023 2:30,0
2/1/2023 3:00,0
2/1/2023 3:30,0
2/1/2023 4:00,0
2/1/2023 4:30,0
2/1/2023 5:00,0
2/1/2023 5:30,0
2/1/2023 6:00,40.4
2/1/2023 6:30,43.5
2/1/2023 7:00,63.2
2/1/2023 7:30,79
2/1/2023 8:00,269
2/1/2023 8:30,260
2/1/2023 9:00,380
2/1/2023 9:30,476
2/1/2023 10:00,485
2/1/2023 10:30,278
2/1/2023 11:00,508
2/1/2023 11:30,939
2/1/2023 12:00,828
2/1/2023 12:30,877
2/1/2023 13:00,554
2/1/2023 13:30,375
2/1/2023 14:00,288
2/1/2023 14:30,250
2/1/2023 15:00,164
2/1/2023 15:30,32.5
2/1/2023 16:00,72.9
2/1/2023 16:30,74.1
2/1/2023 17:00,28.4
2/1/2023 17:30,1.99
2/1/2023 18:00,0
2/1/2023 18:30,0
2/1/2023 19:00,0
2/1/2023 19:30,0
2/1/2023 20:00,0
2/1/2023 20:30,0
2/1/2023 21:00,0
2/1/2023 21:30,0
2/1/2023 22:00,0
2/1/2023 22:30,0
2/1/2023 23:00,0
2/1/2023 23:30,0
2/2/2023 0:00,0
2/2/2023 0:30,0
2/2/2023 1:00,0
2/2/2023 1:30,0
2/2/2023 2:00,0
2/2/2023 2:30,0
2/2/2023 3:00,0
2/2/2023 3:30,0
2/2/2023 4:00,0
2/2/2023 4:30,0
2/2/2023 5:00,0
2/2/2023 5:30,0
2/2/2023 6:00,0
2/2/2023 6:30,96.5
2/2/2023 7:00,166
2/2/2023 7:30,316
2/2/2023 8:00,243
2/2/2023 8:30,332
2/2/2023 9:00,12.7
2/2/2023 9:30,123
2/2/2023 10:00,444
2/2/2023 10:30,380
2/2/2023 11:00,395
2/2/2023 11:30,269
2/2/2023 12:00,6.1
2/2/2023 12:30,107
2/2/2023 13:00,97.9
2/2/2023 13:30,72.1
2/2/2023 14:00,188
2/2/2023 14:30,319
2/2/2023 15:00,231
2/2/2023 15:30,289
2/2/2023 16:00,159
2/2/2023 16:30,68.7
2/2/2023 17:00,54.9
2/2/2023 17:30,5.35
2/2/2023 18:00,0
2/2/2023 18:30,0
2/2/2023 19:00,0
2/2/2023 19:30,0
2/2/2023 20:00,0
2/2/2023 20:30,0
2/2/2023 21:00,0
2/2/2023 21:30,0
2/2/2023 22:00,0
2/2/2023 22:30,0
2/2/2023 23:00,0
2/2/2023 23:30,0
2/3/2023 0:00,0
2/3/2023 0:30,0
2/3/2023 1:00,0
2/3/2023 1:30,0
2/3/2023 2:00,0
2/3/2023 2:30,0
2/3/2023 3:00,0
2/3/2023 3:30,0
2/3/2023 4:00,0
2/3/2023 4:30,0
2/3/2023 5:00,0
2/3/2023 5:30,0
2/3/2023 6:00,35.6
2/3/2023 6:30,58.7
2/3/2023 7:00,113
2/3/2023 7:30,128
2/3/2023 8:00,248
2/3/2023 8:30,348
2/3/2023 9:00,383
2/3/2023 9:30,215
2/3/2023 10:00,180
2/3/2023 10:30,259
2/3/2023 11:00,277
2/3/2023 11:30,357
2/3/2023 12:00,446
2/3/2023 12:30,330
2/3/2023 13:00,242
2/3/2023 13:30,198
2/3/2023 14:00,122
2/3/2023 14:30,88.5
2/3/2023 15:00,88.2
2/3/2023 15:30,77.8
2/3/2023 16:00,81.8
2/3/2023 16:30,65
2/3/2023 17:00,36.7
2/3/2023 17:30,6.66
2/3/2023 18:00,0
2/3/2023 18:30,0
2/3/2023 19:00,0
2/3/2023 19:30,0
2/3/2023 20:00,0
2/3/2023 20:30,0
2/3/2023 21:00,0
2/3/2023 21:30,0
2/3/2023 22:00,0
2/3/2023 22:30,0
2/3/2023 23:00,0
2/3/2023 23:30,0
2/4/2023 0:00,0
2/4/2023 0:30,0
2/4/2023 1:00,0
2/4/2023 1:30,0
2/4/2023 2:00,0
2/4/2023 2:30,0
2/4/2023 3:00,0
2/4/2023 3:30,0
2/4/2023 4:00,0
2/4/2023 4:30,0
2/4/2023 5:00,0
2/4/2023 5:30,0
2/4/2023 6:00,60.5
2/4/2023 6:30,145
2/4/2023 7:00,306
2/4/2023 7:30,331
2/4/2023 8:00,348
2/4/2023 8:30,361
2/4/2023 9:00,536
2/4/2023 9:30,517
2/4/2023 10:00,617
2/4/2023 10:30,692
2/4/2023 11:00,681
2/4/2023 11:30,654
2/4/2023 12:00,314
2/4/2023 12:30,513
2/4/2023 13:00,626
2/4/2023 13:30,478
2/4/2023 14:00,452
2/4/2023 14:30,233
2/4/2023 15:00,425
2/4/2023 15:30,274
2/4/2023 16:00,211
2/4/2023 16:30,124
2/4/2023 17:00,57.6
2/4/2023 17:30,9.39
2/4/2023 18:00,0
2/4/2023 18:30,0
2/4/2023 19:00,0
2/4/2023 19:30,0
2/4/2023 20:00,0
2/4/2023 20:30,0
2/4/2023 21:00,0
2/4/2023 21:30,0
2/4/2023 22:00,0
2/4/2023 22:30,0
2/4/2023 23:00,0
2/4/2023 23:30,0
2/5/2023 0:00,0
2/5/2023 0:30,0
2/5/2023 1:00,0
2/5/2023 1:30,0
2/5/2023 2:00,0
2/5/2023 2:30,0
2/5/2023 3:00,0
2/5/2023 3:30,0
2/5/2023 4:00,0
2/5/2023 4:30,0
2/5/2023 5:00,0
2/5/2023 5:30,0
2/5/2023 6:00,51.7
2/5/2023 6:30,103
2/5/2023 7:00,177
2/5/2023 7:30,265
2/5/2023 8:00,342
2/5/2023 8:30,393
2/5/2023 9:00,545
2/5/2023 9:30,813
2/5/2023 10:00,653
2/5/2023 10:30,906
2/5/2023 11:00,429
2/5/2023 11:30,884
2/5/2023 12:00,412
2/5/2023 12:30,999
2/5/2023 13:00,203
2/5/2023 13:30,839
2/5/2023 14:00,830
2/5/2023 14:30,200
2/5/2023 15:00,304
2/5/2023 15:30,241
2/5/2023 16:00,190
2/5/2023 16:30,217
2/5/2023 17:00,49.3
2/5/2023 17:30,6.68
2/5/2023 18:00,0
2/5/2023 18:30,0
2/5/2023 19:00,0
2/5/2023 19:30,0
2/5/2023 20:00,0
2/5/2023 20:30,0
2/5/2023 21:00,0
2/5/2023 21:30,0
2/5/2023 22:00,0
2/5/2023 22:30,0
2/5/2023 23:00,0
2/5/2023 23:30,0
2/6/2023 0:00,0
2/6/2023 0:30,0
2/6/2023 1:00,0
2/6/2023 1:30,0
2/6/2023 2:00,0
2/6/2023 2:30,0
2/6/2023 3:00,0
2/6/2023 3:30,0
2/6/2023 4:00,0
2/6/2023 4:30,0
2/6/2023 5:00,0
2/6/2023 5:30,0
2/6/2023 6:00,44.8
2/6/2023 6:30,60.5
2/6/2023 7:00,147
2/6/2023 7:30,210
2/6/2023 8:00,336
2/6/2023 8:30,418
2/6/2023 9:00,441
2/6/2023 9:30,622
2/6/2023 10:00,605
2/6/2023 10:30,736
2/6/2023 11:00,598
2/6/2023 11:30,607
2/6/2023 12:00,705
2/6/2023 12:30,880
2/6/2023 13:00,472
2/6/2023 13:30,774
2/6/2023 14:00,529
2/6/2023 14:30,352
2/6/2023 15:00,221
2/6/2023 15:30,224
2/6/2023 16:00,263
2/6/2023 16:30,132
2/6/2023 17:00,51.9
2/6/2023 17:30,11.5
2/6/2023 18:00,0
2/6/2023 18:30,0
2/6/2023 19:00,0
2/6/2023 19:30,0
2/6/2023 20:00,0
2/6/2023 20:30,0
2/6/2023 21:00,0
2/6/2023 21:30,0
2/6/2023 22:00,0
2/6/2023 22:30,0
2/6/2023 23:00,0
2/6/2023 23:30,0
2/7/2023 0:00,0
2/7/2023 0:30,0
2/7/2023 1:00,0
2/7/2023 1:30,0
2/7/2023 2:00,0
2/7/2023 2:30,0
2/7/2023 3:00,0
2/7/2023 3:30,0
2/7/2023 4:00,0
2/7/2023 4:30,0
2/7/2023 5:00,0
2/7/2023 5:30,0
2/7/2023 6:00,48.6
2/7/2023 6:30,88.2
2/7/2023 7:00,173
2/7/2023 7:30,267
2/7/2023 8:00,514
2/7/2023 8:30,382
2/7/2023 9:00,341
2/7/2023 9:30,343
2/7/2023 10:00,482
2/7/2023 10:30,385
2/7/2023 11:00,590
2/7/2023 11:30,141
2/7/2023 12:00,339
2/7/2023 12:30,215
2/7/2023 13:00,318
2/7/2023 13:30,703
2/7/2023 14:00,194
2/7/2023 14:30,186
2/7/2023 15:00,110
2/7/2023 15:30,66.1
2/7/2023 16:00,27.9
2/7/2023 16:30,31
2/7/2023 17:00,12.9
2/7/2023 17:30,3.01
2/7/2023 18:00,0
2/7/2023 18:30,0
2/7/2023 19:00,0
2/7/2023 19:30,0
2/7/2023 20:00,0
2/7/2023 20:30,0
2/7/2023 21:00,0
2/7/2023 21:30,0
2/7/2023 22:00,0
2/7/2023 22:30,0
2/7/2023 23:00,0
2/7/2023 23:30,0
2/8/2023 0:00,0
2/8/2023 0:30,0
2/8/2023 1:00,0
2/8/2023 1:30,0
2/8/2023 2:00,0
2/8/2023 2:30,0
2/8/2023 3:00,0
2/8/2023 3:30,0
2/8/2023 4:00,0
2/8/2023 4:30,0
2/8/2023 5:00,0
2/8/2023 5:30,0
2/8/2023 6:00,33.1
2/8/2023 6:30,66.5
2/8/2023 7:00,128
2/8/2023 7:30,206
2/8/2023 8:00,390
2/8/2023 8:30,220
2/8/2023 9:00,293
2/8/2023 9:30,396
2/8/2023 10:00,735
2/8/2023 10:30,916
2/8/2023 11:00,849
2/8/2023 11:30,568
2/8/2023 12:00,651
2/8/2023 12:30,624
2/8/2023 13:00,952
2/8/2023 13:30,434
2/8/2023 14:00,494
2/8/2023 14:30,498
2/8/2023 15:00,286
2/8/2023 15:30,231
2/8/2023 16:00,143
2/8/2023 16:30,94.5
2/8/2023 17:00,37.7
2/8/2023 17:30,4.44
2/8/2023 18:00,0
2/8/2023 18:30,0
2/8/2023 19:00,0
2/8/2023 19:30,0
2/8/2023 20:00,0
2/8/2023 20:30,0
2/8/2023 21:00,0
2/8/2023 21:30,0
2/8/2023 22:00,0
2/8/2023 22:30,0
2/8/2023 23:00,0
2/8/2023 23:30,0
2/9/2023 0:00,0
2/9/2023 0:30,0
2/9/2023 1:00,0
2/9/2023 1:30,0
2/9/2023 2:00,0
2/9/2023 2:30,0
2/9/2023 3:00,0
2/9/2023 3:30,0
2/9/2023 4:00,0
2/9/2023 4:30,0
2/9/2023 5:00,0
2/9/2023 5:30,0
2/9/2023 6:00,31.6
2/9/2023 6:30,69.1
2/9/2023 7:00,183
2/9/2023 7:30,147
2/9/2023 8:00,231
2/9/2023 8:30,490
2/9/2023 9:00,674
2/9/2023 9:30,560
2/9/2023 10:00,382
2/9/2023 10:30,345
2/9/2023 11:00,146
2/9/2023 11:30,127
2/9/2023 12:00,162
2/9/2023 12:30,375
2/9/2023 13:00,409
2/9/2023 13:30,655
2/9/2023 14:00,451
2/9/2023 14:30,321
2/9/2023 15:00,328
2/9/2023 15:30,200
2/9/2023 16:00,105
2/9/2023 16:30,90.6
2/9/2023 17:00,54.7
2/9/2023 17:30,5.1
2/9/2023 18:00,0
2/9/2023 18:30,0
2/9/2023 19:00,0
2/9/2023 19:30,0
2/9/2023 20:00,0
2/9/2023 20:30,0
2/9/2023 21:00,0
2/9/2023 21:30,0
2/9/2023 22:00,0
2/9/2023 22:30,0
2/9/2023 23:00,0
2/9/2023 23:30,0
2/10/2023 0:00,0
2/10/2023 0:30,0
2/10/2023 1:00,0
2/10/2023 1:30,0
2/10/2023 2:00,0
2/10/2023 2:30,0
2/10/2023 3:00,0
2/10/2023 3:30,0
2/10/2023 4:00,0
2/10/2023 4:30,0
2/10/2023 5:00,0
2/10/2023 5:30,0
2/10/2023 6:00,42.7
2/10/2023 6:30,94.9
2/10/2023 7:00,294
2/10/2023 7:30,362
2/10/2023 8:00,474
2/10/2023 8:30,827
2/10/2023 9:00,687
2/10/2023 9:30,751
2/10/2023 10:00,527
2/10/2023 10:30,589
2/10/2023 11:00,374
2/10/2023 11:30,483
2/10/2023 12:00,269
2/10/2023 12:30,28
2/10/2023 13:00,1010
2/10/2023 13:30,749
2/10/2023 14:00,444
2/10/2023 14:30,81.3
2/10/2023 15:00,188
2/10/2023 15:30,74.2
2/10/2023 16:00,72.1
2/10/2023 16:30,71.2
2/10/2023 17:00,53.3
2/10/2023 17:30,9.49
2/10/2023 18:00,0
2/10/2023 18:30,0
2/10/2023 19:00,0
2/10/2023 19:30,0
2/10/2023 20:00,0
2/10/2023 20:30,0
2/10/2023 21:00,0
2/10/2023 21:30,0
2/10/2023 22:00,0
2/10/2023 22:30,0
2/10/2023 23:00,0
2/10/2023 23:30,0
2/11/2023 0:00,0
2/11/2023 0:30,0
2/11/2023 1:00,0
2/11/2023 1:30,0
2/11/2023 2:00,0
2/11/2023 2:30,0
2/11/2023 3:00,0
2/11/2023 3:30,0
2/11/2023 4:00,0
2/11/2023 4:30,0
2/11/2023 5:00,0
2/11/2023 5:30,0
2/11/2023 6:00,2.06
2/11/2023 6:30,14.6
2/11/2023 7:00,20.5
2/11/2023 7:30,21.8
2/11/2023 8:00,68.3
2/11/2023 8:30,52
2/11/2023 9:00,47.2
2/11/2023 9:30,134
2/11/2023 10:00,142
2/11/2023 10:30,145
2/11/2023 11:00,253
2/11/2023 11:30,129
2/11/2023 12:00,430
2/11/2023 12:30,246
2/11/2023 13:00,122
2/11/2023 13:30,55.3
2/11/2023 14:00,110
2/11/2023 14:30,125
2/11/2023 15:00,311
2/11/2023 15:30,195
2/11/2023 16:00,146
2/11/2023 16:30,91.3
2/11/2023 17:00,47
2/11/2023 17:30,12.1
2/11/2023 18:00,0
2/11/2023 18:30,0
2/11/2023 19:00,0
2/11/2023 19:30,0
2/11/2023 20:00,0
2/11/2023 20:30,0
2/11/2023 21:00,0
2/11/2023 21:30,0
2/11/2023 22:00,0
2/11/2023 22:30,0
2/11/2023 23:00,0
2/11/2023 23:30,0
2/12/2023 0:00,0
2/12/2023 0:30,0
2/12/2023 1:00,0
2/12/2023 1:30,0
2/12/2023 2:00,0
2/12/2023 2:30,0
2/12/2023 3:00,0
2/12/2023 3:30,0
2/12/2023 4:00,0
2/12/2023 4:30,0
2/12/2023 5:00,0
2/12/2023 5:30,0
2/12/2023 6:00,5.86
2/12/2023 6:30,28
2/12/2023 7:00,48
2/12/2023 7:30,75.5
2/12/2023 8:00,96.2
2/12/2023 8:30,169
2/12/2023 9:00,208
2/12/2023 9:30,223
2/12/2023 10:00,217
2/12/2023 10:30,230
2/12/2023 11:00,209
2/12/2023 11:30,267
2/12/2023 12:00,337
2/12/2023 12:30,363
2/12/2023 13:00,327
2/12/2023 13:30,347
2/12/2023 14:00,286
2/12/2023 14:30,282
2/12/2023 15:00,218
2/12/2023 15:30,197
2/12/2023 16:00,114
2/12/2023 16:30,69.8
2/12/2023 17:00,27.2
2/12/2023 17:30,1.74
2/12/2023 18:00,0
2/12/2023 18:30,0
2/12/2023 19:00,0
2/12/2023 19:30,0
2/12/2023 20:00,0
2/12/2023 20:30,0
2/12/2023 21:00,0
2/12/2023 21:30,0
2/12/2023 22:00,0
2/12/2023 22:30,0
2/12/2023 23:00,0
2/12/2023 23:30,0
2/13/2023 0:00,0
2/13/2023 0:30,0
2/13/2023 1:00,0
2/13/2023 1:30,0
2/13/2023 2:00,0
2/13/2023 2:30,0
2/13/2023 3:00,0
2/13/2023 3:30,0
2/13/2023 4:00,0
2/13/2023 4:30,0
2/13/2023 5:00,0
2/13/2023 5:30,0
2/13/2023 6:00,59
2/13/2023 6:30,163
2/13/2023 7:00,263
2/13/2023 7:30,211
2/13/2023 8:00,235
2/13/2023 8:30,322
2/13/2023 9:00,596
2/13/2023 9:30,833
2/13/2023 10:00,490
2/13/2023 10:30,626
2/13/2023 11:00,604
2/13/2023 11:30,1010
2/13/2023 12:00,964
2/13/2023 12:30,637
2/13/2023 13:00,518
2/13/2023 13:30,391
2/13/2023 14:00,343
2/13/2023 14:30,124
2/13/2023 15:00,73.6
2/13/2023 15:30,132
2/13/2023 16:00,165
2/13/2023 16:30,128
2/13/2023 17:00,60.8
2/13/2023 17:30,12.2
2/13/2023 18:00,0
2/13/2023 18:30,0
2/13/2023 19:00,0
2/13/2023 19:30,0
2/13/2023 20:00,0
2/13/2023 20:30,0
2/13/2023 21:00,0
2/13/2023 21:30,0
2/13/2023 22:00,0
2/13/2023 22:30,0
2/13/2023 23:00,0
2/13/2023 23:30,0
2/14/2023 0:00,0
2/14/2023 0:30,0
2/14/2023 1:00,0
2/14/2023 1:30,0
2/14/2023 2:00,0
2/14/2023 2:30,0
2/14/2023 3:00,0
2/14/2023 3:30,0
2/14/2023 4:00,0
2/14/2023 4:30,0
2/14/2023 5:00,0
2/14/2023 5:30,0
2/14/2023 6:00,12
2/14/2023 6:30,52.1
2/14/2023 7:00,118
2/14/2023 7:30,96.9
2/14/2023 8:00,395
2/14/2023 8:30,335
2/14/2023 9:00,502
2/14/2023 9:30,530
2/14/2023 10:00,385
2/14/2023 10:30,458
2/14/2023 11:00,590
2/14/2023 11:30,841
2/14/2023 12:00,607
2/14/2023 12:30,525
2/14/2023 13:00,688
2/14/2023 13:30,607
2/14/2023 14:00,366
2/14/2023 14:30,454
2/14/2023 15:00,460
2/14/2023 15:30,277
2/14/2023 16:00,165
2/14/2023 16:30,82.3
2/14/2023 17:00,43.4
2/14/2023 17:30,8.56
2/14/2023 18:00,0
2/14/2023 18:30,0
2/14/2023 19:00,0
2/14/2023 19:30,0
2/14/2023 20:00,0
2/14/2023 20:30,0
2/14/2023 21:00,0
2/14/2023 21:30,0
2/14/2023 22:00,0
2/14/2023 22:30,0
2/14/2023 23:00,0
2/14/2023 23:30,0
2/15/2023 0:00,0
2/15/2023 0:30,0
2/15/2023 1:00,0
2/15/2023 1:30,0
2/15/2023 2:00,0
2/15/2023 2:30,0
2/15/2023 3:00,0
2/15/2023 3:30,0
2/15/2023 4:00,0
2/15/2023 4:30,0
2/15/2023 5:00,0
2/15/2023 5:30,0
2/15/2023 6:00,43
2/15/2023 6:30,103
2/15/2023 7:00,213
2/15/2023 7:30,323
2/15/2023 8:00,383
2/15/2023 8:30,531
2/15/2023 9:00,539
2/15/2023 9:30,837
2/15/2023 10:00,910
2/15/2023 10:30,921
2/15/2023 11:00,997
2/15/2023 11:30,995
2/15/2023 12:00,332
2/15/2023 12:30,218
2/15/2023 13:00,978
2/15/2023 13:30,993
2/15/2023 14:00,446
2/15/2023 14:30,333
2/15/2023 15:00,320
2/15/2023 15:30,228
2/15/2023 16:00,170
2/15/2023 16:30,71
2/15/2023 17:00,18.4
2/15/2023 17:30,1.8
2/15/2023 18:00,0
2/15/2023 18:30,0
2/15/2023 19:00,0
2/15/2023 19:30,0
2/15/2023 20:00,0
2/15/2023 20:30,0
2/15/2023 21:00,0
2/15/2023 21:30,0
2/15/2023 22:00,0
2/15/2023 22:30,0
2/15/2023 23:00,0
2/15/2023 23:30,0
2/16/2023 0:00,0
2/16/2023 0:30,0
2/16/2023 1:00,0
2/16/2023 1:30,0
2/16/2023 2:00,0
2/16/2023 2:30,0
2/16/2023 3:00,0
2/16/2023 3:30,0
2/16/2023 4:00,0
2/16/2023 4:30,0
2/16/2023 5:00,0
2/16/2023 5:30,0
2/16/2023 6:00,39.2
2/16/2023 6:30,93.7
2/16/2023 7:00,177
2/16/2023 7:30,301
2/16/2023 8:00,426
2/16/2023 8:30,175
2/16/2023 9:00,561
2/16/2023 9:30,923
2/16/2023 10:00,526
2/16/2023 10:30,299
2/16/2023 11:00,724
2/16/2023 11:30,650
2/16/2023 12:00,263
2/16/2023 12:30,584
2/16/2023 13:00,670
2/16/2023 13:30,461
2/16/2023 14:00,257
2/16/2023 14:30,90.4
2/16/2023 15:00,170
2/16/2023 15:30,210
2/16/2023 16:00,202
2/16/2023 16:30,115
2/16/2023 17:00,31.5
2/16/2023 17:30,3.49
2/16/2023 18:00,0
2/16/2023 18:30,0
2/16/2023 19:00,0
2/16/2023 19:30,0
2/16/2023 20:00,0
2/16/2023 20:30,0
2/16/2023 21:00,0
2/16/2023 21:30,0
2/16/2023 22:00,0
2/16/2023 22:30,0
2/16/2023 23:00,0
2/16/2023 23:30,0
2/17/2023 0:00,0
2/17/2023 0:30,0
2/17/2023 1:00,0
2/17/2023 1:30,0
2/17/2023 2:00,0
2/17/2023 2:30,0
2/17/2023 3:00,0
2/17/2023 3:30,0
2/17/2023 4:00,0
2/17/2023 4:30,0
2/17/2023 5:00,0
2/17/2023 5:30,0
2/17/2023 6:00,26.3
2/17/2023 6:30,70
2/17/2023 7:00,101
2/17/2023 7:30,258
2/17/2023 8:00,381
2/17/2023 8:30,325
2/17/2023 9:00,431
2/17/2023 9:30,233
2/17/2023 10:00,593
2/17/2023 10:30,736
2/17/2023 11:00,514
2/17/2023 11:30,961
2/17/2023 12:00,193
2/17/2023 12:30,943
2/17/2023 13:00,317
2/17/2023 13:30,182
2/17/2023 14:00,399
2/17/2023 14:30,432
2/17/2023 15:00,147
2/17/2023 15:30,356
2/17/2023 16:00,136
2/17/2023 16:30,179
2/17/2023 17:00,47.5
2/17/2023 17:30,5.03
2/17/2023 18:00,0
2/17/2023 18:30,0
2/17/2023 19:00,0
2/17/2023 19:30,0
2/17/2023 20:00,0
2/17/2023 20:30,0
2/17/2023 21:00,0
2/17/2023 21:30,0
2/17/2023 22:00,0
2/17/2023 22:30,0
2/17/2023 23:00,0
2/17/2023 23:30,0
2/18/2023 0:00,0
2/18/2023 0:30,0
2/18/2023 1:00,0
2/18/2023 1:30,0
2/18/2023 2:00,0
2/18/2023 2:30,0
2/18/2023 3:00,0
2/18/2023 3:30,0
2/18/2023 4:00,0
2/18/2023 4:30,0
2/18/2023 5:00,0
2/18/2023 5:30,0
2/18/2023 6:00,13.9
2/18/2023 6:30,39.2
2/18/2023 7:00,76.4
2/18/2023 7:30,145
2/18/2023 8:00,303
2/18/2023 8:30,451
2/18/2023 9:00,677
2/18/2023 9:30,643
2/18/2023 10:00,983
2/18/2023 10:30,285
2/18/2023 11:00,416
2/18/2023 11:30,805
2/18/2023 12:00,849
2/18/2023 12:30,607
2/18/2023 13:00,745
2/18/2023 13:30,622
2/18/2023 14:00,811
2/18/2023 14:30,689
2/18/2023 15:00,269
2/18/2023 15:30,327
2/18/2023 16:00,67.8
2/18/2023 16:30,19.1
2/18/2023 17:00,3.55
2/18/2023 17:30,0
2/18/2023 18:00,0
2/18/2023 18:30,0
2/18/2023 19:00,0
2/18/2023 19:30,0
2/18/2023 20:00,0
2/18/2023 20:30,0
2/18/2023 21:00,0
2/18/2023 21:30,0
2/18/2023 22:00,0
2/18/2023 22:30,0
2/18/2023 23:00,0
2/18/2023 23:30,0
2/19/2023 0:00,0
2/19/2023 0:30,0
2/19/2023 1:00,0
2/19/2023 1:30,0
2/19/2023 2:00,0
2/19/2023 2:30,0
2/19/2023 3:00,0
2/19/2023 3:30,0
2/19/2023 4:00,0
2/19/2023 4:30,0
2/19/2023 5:00,0
2/19/2023 5:30,0
2/19/2023 6:00,40.9
2/19/2023 6:30,85
2/19/2023 7:00,146
2/19/2023 7:30,218
2/19/2023 8:00,269
2/19/2023 8:30,327
2/19/2023 9:00,620
2/19/2023 9:30,763
2/19/2023 10:00,989
2/19/2023 10:30,1000
2/19/2023 11:00,1000
2/19/2023 11:30,430
2/19/2023 12:00,526
2/19/2023 12:30,230
2/19/2023 13:00,349
2/19/2023 13:30,793
2/19/2023 14:00,755
2/19/2023 14:30,141
2/19/2023 15:00,13.3
2/19/2023 15:30,51.2
2/19/2023 16:00,108
2/19/2023 16:30,67.7
2/19/2023 17:00,30.3
2/19/2023 17:30,1.29
2/19/2023 18:00,0
2/19/2023 18:30,0
2/19/2023 19:00,0
2/19/2023 19:30,0
2/19/2023 20:00,0
2/19/2023 20:30,0
2/19/2023 21:00,0
2/19/2023 21:30,0
2/19/2023 22:00,0
2/19/2023 22:30,0
2/19/2023 23:00,0
2/19/2023 23:30,0
2/20/2023 0:00,0
2/20/2023 0:30,0
2/20/2023 1:00,0
2/20/2023 1:30,0
2/20/2023 2:00,0
2/20/2023 2:30,0
2/20/2023 3:00,0
2/20/2023 3:30,0
2/20/2023 4:00,0
2/20/2023 4:30,0
2/20/2023 5:00,0
2/20/2023 5:30,0
2/20/2023 6:00,26.7
2/20/2023 6:30,50.2
2/20/2023 7:00,104
2/20/2023 7:30,226
2/20/2023 8:00,673
2/20/2023 8:30,764
2/20/2023 9:00,764
2/20/2023 9:30,847
2/20/2023 10:00,788
2/20/2023 10:30,989
2/20/2023 11:00,966
2/20/2023 11:30,998
2/20/2023 12:00,997
2/20/2023 12:30,333
2/20/2023 13:00,538
2/20/2023 13:30,133
2/20/2023 14:00,167
2/20/2023 14:30,145
2/20/2023 15:00,139
2/20/2023 15:30,145
2/20/2023 16:00,140
2/20/2023 16:30,39
2/20/2023 17:00,31.1
2/20/2023 17:30,1.51
2/20/2023 18:00,0
2/20/2023 18:30,0
2/20/2023 19:00,0
2/20/2023 19:30,0
2/20/2023 20:00,0
2/20/2023 20:30,0
2/20/2023 21:00,0
2/20/2023 21:30,0
2/20/2023 22:00,0
2/20/2023 22:30,0
2/20/2023 23:00,0
2/20/2023 23:30,0
2/21/2023 0:00,0
2/21/2023 0:30,0
2/21/2023 1:00,0
2/21/2023 1:30,0
2/21/2023 2:00,0
2/21/2023 2:30,0
2/21/2023 3:00,0
2/21/2023 3:30,0
2/21/2023 4:00,0
2/21/2023 4:30,0
2/21/2023 5:00,0
2/21/2023 5:30,0
2/21/2023 6:00,58.2
2/21/2023 6:30,133
2/21/2023 7:00,208
2/21/2023 7:30,264
2/21/2023 8:00,506
2/21/2023 8:30,487
2/21/2023 9:00,574
2/21/2023 9:30,973
2/21/2023 10:00,138
2/21/2023 10:30,281
2/21/2023 11:00,841
2/21/2023 11:30,700
2/21/2023 12:00,998
2/21/2023 12:30,451
2/21/2023 13:00,317
2/21/2023 13:30,351
2/21/2023 14:00,372
2/21/2023 14:30,323
2/21/2023 15:00,327
2/21/2023 15:30,268
2/21/2023 16:00,146
2/21/2023 16:30,27
2/21/2023 17:00,10.7
2/21/2023 17:30,0.839
2/21/2023 18:00,0
2/21/2023 18:30,0
2/21/2023 19:00,0
2/21/2023 19:30,0
2/21/2023 20:00,0
2/21/2023 20:30,0
2/21/2023 21:00,0
2/21/2023 21:30,0
2/21/2023 22:00,0
2/21/2023 22:30,0
2/21/2023 23:00,0
2/21/2023 23:30,0
2/22/2023 0:00,0
2/22/2023 0:30,0
2/22/2023 1:00,0
2/22/2023 1:30,0
2/22/2023 2:00,0
2/22/2023 2:30,0
2/22/2023 3:00,0
2/22/2023 3:30,0
2/22/2023 4:00,0
2/22/2023 4:30,0
2/22/2023 5:00,0
2/22/2023 5:30,0
2/22/2023 6:00,20.6
2/22/2023 6:30,69.2
2/22/2023 7:00,79.2
2/22/2023 7:30,99.4
2/22/2023 8:00,233
2/22/2023 8:30,175
2/22/2023 9:00,346
2/22/2023 9:30,640
2/22/2023 10:00,10.7
2/22/2023 10:30,108
2/22/2023 11:00,126
2/22/2023 11:30,26.2
2/22/2023 12:00,268
2/22/2023 12:30,200
2/22/2023 13:00,532
2/22/2023 13:30,184
2/22/2023 14:00,290
2/22/2023 14:30,141
2/22/2023 15:00,207
2/22/2023 15:30,153
2/22/2023 16:00,98.3
2/22/2023 16:30,54.4
2/22/2023 17:00,2.98
2/22/2023 17:30,1.48
2/22/2023 18:00,0
2/22/2023 18:30,0
2/22/2023 19:00,0
2/22/2023 19:30,0
2/22/2023 20:00,0
2/22/2023 20:30,0
2/22/2023 21:00,0
2/22/2023 21:30,0
2/22/2023 22:00,0
2/22/2023 22:30,0
2/22/2023 23:00,0
2/22/2023 23:30,0
2/23/2023 0:00,0
2/23/2023 0:30,0
2/23/2023 1:00,0
2/23/2023 1:30,0
2/23/2023 2:00,0
2/23/2023 2:30,0
2/23/2023 3:00,0
2/23/2023 3:30,0
2/23/2023 4:00,0
2/23/2023 4:30,0
2/23/2023 5:00,0
2/23/2023 5:30,0
2/23/2023 6:00,3.97
2/23/2023 6:30,20
2/23/2023 7:00,15
2/23/2023 7:30,49.3
2/23/2023 8:00,167
2/23/2023 8:30,138
2/23/2023 9:00,285
2/23/2023 9:30,312
2/23/2023 10:00,301
2/23/2023 10:30,919
2/23/2023 11:00,929
2/23/2023 11:30,215
2/23/2023 12:00,1000
2/23/2023 12:30,984
2/23/2023 13:00,228
2/23/2023 13:30,324
2/23/2023 14:00,489
2/23/2023 14:30,261
2/23/2023 15:00,234
2/23/2023 15:30,169
2/23/2023 16:00,180
2/23/2023 16:30,184
2/23/2023 17:00,65.7
2/23/2023 17:30,7.91
2/23/2023 18:00,0
2/23/2023 18:30,0
2/23/2023 19:00,0
2/23/2023 19:30,0
2/23/2023 20:00,0
2/23/2023 20:30,0
2/23/2023 21:00,0
2/23/2023 21:30,0
2/23/2023 22:00,0
2/23/2023 22:30,0
2/23/2023 23:00,0
2/23/2023 23:30,0
2/24/2023 0:00,0
2/24/2023 0:30,0
2/24/2023 1:00,0
2/24/2023 1:30,0
2/24/2023 2:00,0
2/24/2023 2:30,0
2/24/2023 3:00,0
2/24/2023 3:30,0
2/24/2023 4:00,0
2/24/2023 4:30,0
2/24/2023 5:00,0
2/24/2023 5:30,0
2/24/2023 6:00,21.5
2/24/2023 6:30,20.2
2/24/2023 7:00,5.86
2/24/2023 7:30,64.2
2/24/2023 8:00,138
2/24/2023 8:30,237
2/24/2023 9:00,188
2/24/2023 9:30,293
2/24/2023 10:00,96.7
2/24/2023 10:30,29.7
2/24/2023 11:00,30.3
2/24/2023 11:30,28.1
2/24/2023 12:00,9.24
2/24/2023 12:30,74.9
2/24/2023 13:00,198
2/24/2023 13:30,323
2/24/2023 14:00,280
2/24/2023 14:30,410
2/24/2023 15:00,339
2/24/2023 15:30,153
2/24/2023 16:00,68.1
2/24/2023 16:30,186
2/24/2023 17:00,86.3
2/24/2023 17:30,7.19
2/24/2023 18:00,0
2/24/2023 18:30,0
2/24/2023 19:00,0
2/24/2023 19:30,0
2/24/2023 20:00,0
2/24/2023 20:30,0
2/24/2023 21:00,0
2/24/2023 21:30,0
2/24/2023 22:00,0
2/24/2023 22:30,0
2/24/2023 23:00,0
2/24/2023 23:30,0
2/25/2023 0:00,0
2/25/2023 0:30,0
2/25/2023 1:00,0
2/25/2023 1:30,0
2/25/2023 2:00,0
2/25/2023 2:30,0
2/25/2023 3:00,0
2/25/2023 3:30,0
2/25/2023 4:00,0
2/25/2023 4:30,0
2/25/2023 5:00,0
2/25/2023 5:30,0
2/25/2023 6:00,13.2
2/25/2023 6:30,51.5
2/25/2023 7:00,62
2/25/2023 7:30,80.6
2/25/2023 8:00,148
2/25/2023 8:30,310
2/25/2023 9:00,349
2/25/2023 9:30,296
2/25/2023 10:00,368
2/25/2023 10:30,193
2/25/2023 11:00,127
2/25/2023 11:30,379
2/25/2023 12:00,201
2/25/2023 12:30,350
2/25/2023 13:00,286
2/25/2023 13:30,581
2/25/2023 14:00,398
2/25/2023 14:30,138
2/25/2023 15:00,483
2/25/2023 15:30,152
2/25/2023 16:00,102
2/25/2023 16:30,118
2/25/2023 17:00,50.7
2/25/2023 17:30,0
2/25/2023 18:00,0
2/25/2023 18:30,0
2/25/2023 19:00,0
2/25/2023 19:30,0
2/25/2023 20:00,0
2/25/2023 20:30,0
2/25/2023 21:00,0
2/25/2023 21:30,0
2/25/2023 22:00,0
2/25/2023 22:30,0
2/25/2023 23:00,0
2/25/2023 23:30,0
2/26/2023 0:00,0
2/26/2023 0:30,0
2/26/2023 1:00,0
2/26/2023 1:30,0
2/26/2023 2:00,0
2/26/2023 2:30,0
2/26/2023 3:00,0
2/26/2023 3:30,0
2/26/2023 4:00,0
2/26/2023 4:30,0
2/26/2023 5:00,0
2/26/2023 5:30,0
2/26/2023 6:00,20.7
2/26/2023 6:30,74.5
2/26/2023 7:00,72.7
2/26/2023 7:30,130
2/26/2023 8:00,163
2/26/2023 8:30,278
2/26/2023 9:00,356
2/26/2023 9:30,400
2/26/2023 10:00,521
2/26/2023 10:30,408
2/26/2023 11:00,136
2/26/2023 11:30,0.0331
2/26/2023 12:00,168
2/26/2023 12:30,11.1
2/26/2023 13:00,22.2
2/26/2023 13:30,254
2/26/2023 14:00,328
2/26/2023 14:30,138
2/26/2023 15:00,291
2/26/2023 15:30,200
2/26/2023 16:00,198
2/26/2023 16:30,109
2/26/2023 17:00,50.8
2/26/2023 17:30,6
2/26/2023 18:00,0
2/26/2023 18:30,0
2/26/2023 19:00,0
2/26/2023 19:30,0
2/26/2023 20:00,0
2/26/2023 20:30,0
2/26/2023 21:00,0
2/26/2023 21:30,0
2/26/2023 22:00,0
2/26/2023 22:30,0
2/26/2023 23:00,0
2/26/2023 23:30,0
2/27/2023 0:00,0
2/27/2023 0:30,0
2/27/2023 1:00,0
2/27/2023 1:30,0
2/27/2023 2:00,0
2/27/2023 2:30,0
2/27/2023 3:00,0
2/27/2023 3:30,0
2/27/2023 4:00,0
2/27/2023 4:30,0
2/27/2023 5:00,0
2/27/2023 5:30,0
2/27/2023 6:00,0
2/27/2023 6:30,7.47
2/27/2023 7:00,8.87
2/27/2023 7:30,50.7
2/27/2023 8:00,137
2/27/2023 8:30,231
2/27/2023 9:00,80.4
2/27/2023 9:30,416
2/27/2023 10:00,203
2/27/2023 10:30,250
2/27/2023 11:00,629
2/27/2023 11:30,229
2/27/2023 12:00,308
2/27/2023 12:30,353
2/27/2023 13:00,990
2/27/2023 13:30,188
2/27/2023 14:00,253
2/27/2023 14:30,323
2/27/2023 15:00,269
2/27/2023 15:30,315
2/27/2023 16:00,151
2/27/2023 16:30,109
2/27/2023 17:00,57.3
2/27/2023 17:30,2.11
2/27/2023 18:00,0
2/27/2023 18:30,0
2/27/2023 19:00,0
2/27/2023 19:30,0
2/27/2023 20:00,0
2/27/2023 20:30,0
2/27/2023 21:00,0
2/27/2023 21:30,0
2/27/2023 22:00,0
2/27/2023 22:30,0
2/27/2023 23:00,0
2/27/2023 23:30,0
2/28/2023 0:00,0
2/28/2023 0:30,0
2/28/2023 1:00,0
2/28/2023 1:30,0
2/28/2023 2:00,0
2/28/2023 2:30,0
2/28/2023 3:00,0
2/28/2023 3:30,0
2/28/2023 4:00,0
2/28/2023 4:30,0
2/28/2023 5:00,0
2/28/2023 5:30,0
2/28/2023 6:00,23.9
2/28/2023 6:30,69.2
2/28/2023 7:00,120
2/28/2023 7:30,209
2/28/2023 8:00,230
2/28/2023 8:30,131
2/28/2023 9:00,226
2/28/2023 9:30,526
2/28/2023 10:00,669
2/28/2023 10:30,904
2/28/2023 11:00,545
2/28/2023 11:30,1000
2/28/2023 12:00,439
2/28/2023 12:30,833
2/28/2023 13:00,506
2/28/2023 13:30,63.1
2/28/2023 14:00,321
2/28/2023 14:30,92.9
2/28/2023 15:00,97.9
2/28/2023 15:30,48.9
2/28/2023 16:00,27.4
2/28/2023 16:30,25.4
2/28/2023 17:00,15.2
2/28/2023 17:30,0
2/28/2023 18:00,0
2/28/2023 18:30,0
2/28/2023 19:00,0
2/28/2023 19:30,0
2/28/2023 20:00,0
2/28/2023 20:30,0
2/28/2023 21:00,0
2/28/2023 21:30,0
2/28/2023 22:00,0
2/28/2023 22:30,0
2/28/2023 23:00,0
2/28/2023 23:30,0
