"2023-01-02 12:00:00,",337.61
"2023-01-02 13:00:00,",162.14
"2023-01-02 14:00:00,",177.67
"2023-01-02 15:00:00,",302.53
"2023-01-02 16:00:00,",344.64
"2023-01-02 17:00:00,",189.02
"2023-01-02 18:00:00,",297.49
"2023-01-02 19:00:00,",322.88
"2023-01-02 20:00:00,",348.27
"2023-01-02 21:00:00,",316.3
"2023-01-02 22:00:00,",331.04
"2023-01-02 23:00:00,",326.92
"2023-01-03 00:00:00,",322.8
"2023-01-03 01:00:00,",341.82
"2023-01-03 02:00:00,",157.58
"2023-01-03 03:00:00,",285.39
"2023-01-03 04:00:00,",156.65
"2023-01-03 05:00:00,",339.85
"2023-01-03 06:00:00,",302.22
"2023-01-03 07:00:00,",310.35
"2023-01-03 08:00:00,",327.86
"2023-01-03 09:00:00,",172.13
"2023-01-03 10:00:00,",382.6
"2023-01-03 11:00:00,",312.56
"2023-01-03 12:00:00,",426.74
"2023-01-03 13:00:00,",342.6
"2023-01-03 14:00:00,",168.38
"2023-01-03 15:00:00,",307.33
"2023-01-03 16:00:00,",151.28
"2023-01-03 17:00:00,",327.4
"2023-01-03 18:00:00,",184.94
"2023-01-03 19:00:00,",293.86
"2023-01-03 20:00:00,",321.22
"2023-01-03 21:00:00,",346.78
"2023-01-03 22:00:00,",167.38
"2023-01-03 23:00:00,",348.6
"2023-01-04 00:00:00,",177.42
"2023-01-04 01:00:00,",187.48
"2023-01-04 02:00:00,",392.42
"2023-01-04 03:00:00,",354.36
"2023-01-04 04:00:00,",359.29
"2023-01-04 05:00:00,",186.84
"2023-01-04 06:00:00,",602.88
"2023-01-04 07:00:00,",929.11
"2023-01-04 08:00:00,",696.84
"2023-01-04 09:00:00,",464.56
"2023-01-04 10:00:00,",696.84
"2023-01-04 11:00:00,",929.11
"2023-01-04 12:00:00,",464.56
"2023-01-04 13:00:00,",464.56
"2023-01-04 14:00:00,",464.56
"2023-01-04 15:00:00,",464.56
"2023-01-04 16:00:00,",464.56
"2023-01-04 17:00:00,",929.11
"2023-01-04 18:00:00,",929.11
"2023-01-04 19:00:00,",929.11
"2023-01-04 20:00:00,",464.56
"2023-01-04 21:00:00,",929.11
"2023-01-04 22:00:00,",929.11
"2023-01-04 23:00:00,",929.11
"2023-01-05 00:00:00,",464.56
"2023-01-05 01:00:00,",220.72
"2023-01-05 02:00:00,",251.76
"2023-01-05 03:00:00,",225.96
"2023-01-05 04:00:00,",496.54
"2023-01-05 05:00:00,",223.39
"2023-01-05 06:00:00,",594.46
"2023-01-05 07:00:00,",529.51
"2023-01-05 08:00:00,",464.56
"2023-01-05 09:00:00,",464.56
"2023-01-05 10:00:00,",464.56
"2023-01-05 11:00:00,",464.56
"2023-01-05 12:00:00,",929.11
"2023-01-05 13:00:00,",696.84
"2023-01-05 14:00:00,",464.56
"2023-01-05 15:00:00,",464.56
"2023-01-05 16:00:00,",464.56
"2023-01-05 17:00:00,",464.56
"2023-01-05 18:00:00,",929.11
"2023-01-05 19:00:00,",929.11
"2023-01-05 20:00:00,",464.56
"2023-01-05 21:00:00,",464.56
"2023-01-05 22:00:00,",929.11
"2023-01-05 23:00:00,",464.56
"2023-01-06 00:00:00,",929.11
"2023-01-06 01:00:00,",522.8
"2023-01-06 02:00:00,",494.1
"2023-01-06 03:00:00,",453.53
"2023-01-06 04:00:00,",466.08
"2023-01-06 05:00:00,",434.89
"2023-01-06 06:00:00,",399.89
"2023-01-06 07:00:00,",929.11
"2023-01-06 08:00:00,",696.84
"2023-01-06 09:00:00,",464.56
"2023-01-06 10:00:00,",464.56
"2023-01-06 11:00:00,",929.11
"2023-01-06 12:00:00,",464.56
"2023-01-06 13:00:00,",464.56
"2023-01-06 14:00:00,",464.56
"2023-01-06 15:00:00,",929.11
"2023-01-06 16:00:00,",929.11
"2023-01-06 17:00:00,",929.11
"2023-01-06 18:00:00,",929.11
"2023-01-06 19:00:00,",929.11
"2023-01-06 20:00:00,",929.11
"2023-01-06 21:00:00,",929.11
"2023-01-06 22:00:00,",929.11
"2023-01-06 23:00:00,",929.11
"2023-01-07 00:00:00,",929.11
"2023-01-07 01:00:00,",570.6
"2023-01-07 02:00:00,",580.69
"2023-01-07 03:00:00,",581.34
"2023-01-07 04:00:00,",562.95
"2023-01-07 05:00:00,",568.21
"2023-01-07 06:00:00,",643.69
"2023-01-07 07:00:00,",929.11
"2023-01-07 08:00:00,",929.11
"2023-01-07 09:00:00,",929.11
"2023-01-07 10:00:00,",929.11
"2023-01-07 11:00:00,",464.56
"2023-01-07 12:00:00,",929.11
"2023-01-07 13:00:00,",464.56
"2023-01-07 14:00:00,",929.11
"2023-01-07 15:00:00,",929.11
"2023-01-07 16:00:00,",929.11
"2023-01-07 17:00:00,",929.11
"2023-01-07 18:00:00,",929.11
"2023-01-07 19:00:00,",929.11
"2023-01-07 20:00:00,",929.11
"2023-01-07 21:00:00,",929.11
"2023-01-07 22:00:00,",929.11
"2023-01-07 23:00:00,",929.11
"2023-01-08 00:00:00,",929.11
"2023-01-08 01:00:00,",595.14
"2023-01-08 02:00:00,",560.5
"2023-01-08 03:00:00,",564.6
"2023-01-08 04:00:00,",581.63
"2023-01-08 05:00:00,",503.97
"2023-01-08 06:00:00,",520.98
"2023-01-08 07:00:00,",929.11
"2023-01-08 08:00:00,",929.11
"2023-01-08 09:00:00,",464.56
"2023-01-08 10:00:00,",464.56
"2023-01-08 11:00:00,",929.11
"2023-01-08 12:00:00,",929.11
"2023-01-08 13:00:00,",929.11
"2023-01-08 14:00:00,",929.11
"2023-01-08 15:00:00,",464.56
"2023-01-08 16:00:00,",929.11
"2023-01-08 17:00:00,",929.11
"2023-01-08 18:00:00,",929.11
"2023-01-08 19:00:00,",929.11
"2023-01-08 20:00:00,",929.11
"2023-01-08 21:00:00,",929.11
"2023-01-08 22:00:00,",929.11
"2023-01-08 23:00:00,",929.11
"2023-01-09 00:00:00,",929.11
"2023-01-09 01:00:00,",807.87
"2023-01-09 02:00:00,",762.76
"2023-01-09 03:00:00,",745.54
"2023-01-09 04:00:00,",697.13
"2023-01-09 05:00:00,",641.04
"2023-01-09 06:00:00,",666.12
"2023-01-09 07:00:00,",812.14
"2023-01-09 08:00:00,",929.11
"2023-01-09 09:00:00,",929.11
"2023-01-09 10:00:00,",803.64
"2023-01-09 11:00:00,",825.97
"2023-01-09 12:00:00,",715.77
"2023-01-09 13:00:00,",725.62
"2023-01-09 14:00:00,",872.53
"2023-01-09 15:00:00,",929.11
"2023-01-09 16:00:00,",929.11
"2023-01-09 17:00:00,",387.06
"2023-01-09 18:00:00,",929.11
"2023-01-09 19:00:00,",929.11
"2023-01-09 20:00:00,",929.11
"2023-01-09 21:00:00,",929.11
"2023-01-09 22:00:00,",929.11
"2023-01-09 23:00:00,",929.11
"2023-01-10 00:00:00,",796.78
"2023-01-10 01:00:00,",268.96
"2023-01-10 02:00:00,",272.64
"2023-01-10 03:00:00,",126.5
"2023-01-10 04:00:00,",257.69
"2023-01-10 05:00:00,",255.43
"2023-01-10 06:00:00,",128.84
"2023-01-10 07:00:00,",653.67
"2023-01-10 08:00:00,",822.84
"2023-01-10 09:00:00,",867.36
"2023-01-10 10:00:00,",861.52
"2023-01-10 11:00:00,",845.48
"2023-01-10 12:00:00,",792.6
"2023-01-10 13:00:00,",851.61
"2023-01-10 14:00:00,",884.7
"2023-01-10 15:00:00,",874.96
"2023-01-10 16:00:00,",730.33
"2023-01-10 17:00:00,",691.38
"2023-01-10 18:00:00,",767.23
"2023-01-10 19:00:00,",782.44
"2023-01-10 20:00:00,",821.53
"2023-01-10 21:00:00,",430.32
"2023-01-10 22:00:00,",870.14
"2023-01-10 23:00:00,",855.85
"2023-01-11 00:00:00,",814.04
"2023-01-11 01:00:00,",841
"2023-01-11 02:00:00,",826.44
"2023-01-11 03:00:00,",805.75
"2023-01-11 04:00:00,",826.76
"2023-01-11 05:00:00,",829.95
"2023-01-11 06:00:00,",915.07
"2023-01-11 07:00:00,",929.11
"2023-01-11 08:00:00,",929.11
"2023-01-11 09:00:00,",929.11
"2023-01-11 10:00:00,",929.11
"2023-01-11 11:00:00,",929.11
"2023-01-11 12:00:00,",464.56
"2023-01-11 13:00:00,",929.11
"2023-01-11 14:00:00,",464.56
"2023-01-11 15:00:00,",464.56
"2023-01-11 16:00:00,",929.11
"2023-01-11 17:00:00,",929.11
"2023-01-11 18:00:00,",929.11
"2023-01-11 19:00:00,",929.11
"2023-01-11 20:00:00,",929.11
"2023-01-11 21:00:00,",929.11
"2023-01-11 22:00:00,",929.11
"2023-01-11 23:00:00,",464.56
"2023-01-12 00:00:00,",929.11
"2023-01-12 01:00:00,",916.26
"2023-01-12 02:00:00,",729.86
"2023-01-12 03:00:00,",668.06
"2023-01-12 04:00:00,",720.1
"2023-01-12 05:00:00,",693.06
"2023-01-12 06:00:00,",805.1
"2023-01-12 07:00:00,",929.11
"2023-01-12 08:00:00,",929.11
"2023-01-12 09:00:00,",929.11
"2023-01-12 10:00:00,",929.11
"2023-01-12 11:00:00,",929.11
"2023-01-12 12:00:00,",929.11
"2023-01-12 13:00:00,",929.11
"2023-01-12 14:00:00,",929.11
"2023-01-12 15:00:00,",929.11
"2023-01-12 16:00:00,",929.11
"2023-01-12 17:00:00,",929.11
"2023-01-12 18:00:00,",929.11
"2023-01-12 19:00:00,",929.11
"2023-01-12 20:00:00,",929.11
"2023-01-12 21:00:00,",929.11
"2023-01-12 22:00:00,",929.11
"2023-01-12 23:00:00,",929.11
"2023-01-13 00:00:00,",929.11
"2023-01-13 01:00:00,",929.11
"2023-01-13 02:00:00,",902.68
"2023-01-13 03:00:00,",873.55
"2023-01-13 04:00:00,",929.11
"2023-01-13 05:00:00,",837.22
"2023-01-13 06:00:00,",927.84
"2023-01-13 07:00:00,",929.11
"2023-01-13 08:00:00,",929.11
"2023-01-13 09:00:00,",929.11
"2023-01-13 10:00:00,",929.11
"2023-01-13 11:00:00,",929.11
"2023-01-13 12:00:00,",929.11
"2023-01-13 13:00:00,",929.11
"2023-01-13 14:00:00,",929.11
"2023-01-13 15:00:00,",929.11
"2023-01-13 16:00:00,",929.11
"2023-01-13 17:00:00,",929.11
"2023-01-13 18:00:00,",929.11
"2023-01-13 19:00:00,",929.11
"2023-01-13 20:00:00,",929.11
"2023-01-13 21:00:00,",929.11
"2023-01-13 22:00:00,",929.11
"2023-01-13 23:00:00,",929.11
"2023-01-14 00:00:00,",929.11
"2023-01-14 01:00:00,",743.18
"2023-01-14 02:00:00,",741.47
"2023-01-14 03:00:00,",764.96
"2023-01-14 04:00:00,",740.42
"2023-01-14 05:00:00,",679.91
"2023-01-14 06:00:00,",786.3
"2023-01-14 07:00:00,",929.11
"2023-01-14 08:00:00,",929.11
"2023-01-14 09:00:00,",929.11
"2023-01-14 10:00:00,",929.11
"2023-01-14 11:00:00,",929.11
"2023-01-14 12:00:00,",929.11
"2023-01-14 13:00:00,",929.11
"2023-01-14 14:00:00,",929.11
"2023-01-14 15:00:00,",929.11
"2023-01-14 16:00:00,",929.11
"2023-01-14 17:00:00,",929.11
"2023-01-14 18:00:00,",929.11
"2023-01-14 19:00:00,",929.11
"2023-01-14 20:00:00,",929.11
"2023-01-14 21:00:00,",929.11
"2023-01-14 22:00:00,",929.11
"2023-01-14 23:00:00,",929.11
"2023-01-15 00:00:00,",929.11
"2023-01-15 01:00:00,",892.08
"2023-01-15 02:00:00,",825.58
"2023-01-15 03:00:00,",312.83
"2023-01-15 04:00:00,",827.18
"2023-01-15 05:00:00,",783.66
"2023-01-15 06:00:00,",817.34
"2023-01-15 07:00:00,",929.11
"2023-01-15 08:00:00,",929.11
"2023-01-15 09:00:00,",929.11
"2023-01-15 10:00:00,",929.11
"2023-01-15 11:00:00,",929.11
"2023-01-15 12:00:00,",929.11
"2023-01-15 13:00:00,",929.11
"2023-01-15 14:00:00,",929.11
"2023-01-15 15:00:00,",929.11
"2023-01-15 16:00:00,",929.11
"2023-01-15 17:00:00,",929.11
"2023-01-15 18:00:00,",929.11
"2023-01-15 19:00:00,",929.11
"2023-01-15 20:00:00,",929.11
"2023-01-15 21:00:00,",929.11
"2023-01-15 22:00:00,",929.11
"2023-01-15 23:00:00,",929.11
"2023-01-16 00:00:00,",929.11
"2023-01-16 01:00:00,",927.82
"2023-01-16 02:00:00,",856.53
"2023-01-16 03:00:00,",744.47
"2023-01-16 04:00:00,",926.48
"2023-01-16 05:00:00,",757.26
"2023-01-16 06:00:00,",783.3
"2023-01-16 07:00:00,",929.11
"2023-01-16 08:00:00,",929.11
"2023-01-16 09:00:00,",929.11
"2023-01-16 10:00:00,",929.11
"2023-01-16 11:00:00,",929.11
"2023-01-16 12:00:00,",929.11
"2023-01-16 13:00:00,",929.11
"2023-01-16 14:00:00,",929.11
"2023-01-16 15:00:00,",929.11
"2023-01-16 16:00:00,",929.11
"2023-01-16 17:00:00,",929.11
"2023-01-16 18:00:00,",929.11
"2023-01-16 19:00:00,",929.11
"2023-01-16 20:00:00,",929.11
"2023-01-16 21:00:00,",929.11
"2023-01-16 22:00:00,",929.11
"2023-01-16 23:00:00,",929.11
"2023-01-17 00:00:00,",912.98
"2023-01-17 01:00:00,",819.92
"2023-01-17 02:00:00,",710.58
"2023-01-17 03:00:00,",689.5
"2023-01-17 04:00:00,",741.78
"2023-01-17 05:00:00,",681.16
"2023-01-17 06:00:00,",738.98
"2023-01-17 07:00:00,",867.05
"2023-01-17 08:00:00,",929.11
"2023-01-17 09:00:00,",929.11
"2023-01-17 10:00:00,",929.11
"2023-01-17 11:00:00,",929.11
"2023-01-17 12:00:00,",929.11
"2023-01-17 13:00:00,",464.56
"2023-01-17 14:00:00,",929.11
"2023-01-17 15:00:00,",929.11
"2023-01-17 16:00:00,",464.56
"2023-01-17 17:00:00,",929.11
"2023-01-17 18:00:00,",929.11
"2023-01-17 19:00:00,",929.11
"2023-01-17 20:00:00,",929.11
"2023-01-17 21:00:00,",929.11
"2023-01-17 22:00:00,",929.11
"2023-01-17 23:00:00,",901.69
"2023-01-18 00:00:00,",369.95
"2023-01-18 01:00:00,",515.98
"2023-01-18 02:00:00,",528.8
"2023-01-18 03:00:00,",514.8
"2023-01-18 04:00:00,",488.26
"2023-01-18 05:00:00,",503.16
"2023-01-18 06:00:00,",637.76
"2023-01-18 07:00:00,",929.11
"2023-01-18 08:00:00,",929.11
"2023-01-18 09:00:00,",929.11
"2023-01-18 10:00:00,",929.11
"2023-01-18 11:00:00,",929.11
"2023-01-18 12:00:00,",929.11
"2023-01-18 13:00:00,",929.11
"2023-01-18 14:00:00,",464.56
"2023-01-18 15:00:00,",929.11
"2023-01-18 16:00:00,",929.11
"2023-01-18 17:00:00,",929.11
"2023-01-18 18:00:00,",929.11
"2023-01-18 19:00:00,",929.11
"2023-01-18 20:00:00,",929.11
"2023-01-18 21:00:00,",929.11
"2023-01-18 22:00:00,",929.11
"2023-01-18 23:00:00,",929.11
"2023-01-19 00:00:00,",929.11
"2023-01-19 01:00:00,",929.11
"2023-01-19 02:00:00,",464.56
"2023-01-19 03:00:00,",929.11
"2023-01-19 04:00:00,",929.11
"2023-01-19 05:00:00,",929.11
"2023-01-19 06:00:00,",929.11
"2023-01-19 07:00:00,",929.11
"2023-01-19 08:00:00,",929.11
"2023-01-19 09:00:00,",929.11
"2023-01-19 10:00:00,",929.11
"2023-01-19 11:00:00,",929.11
"2023-01-19 12:00:00,",929.11
"2023-01-19 13:00:00,",464.56
"2023-01-19 14:00:00,",929.11
"2023-01-19 15:00:00,",929.11
"2023-01-19 16:00:00,",929.11
"2023-01-19 17:00:00,",929.11
"2023-01-19 18:00:00,",929.11
"2023-01-19 19:00:00,",929.11
"2023-01-19 20:00:00,",929.11
"2023-01-19 21:00:00,",929.11
"2023-01-19 22:00:00,",929.11
"2023-01-19 23:00:00,",929.11
"2023-01-20 00:00:00,",929.11
"2023-01-20 01:00:00,",929.11
"2023-01-20 02:00:00,",929.11
"2023-01-20 03:00:00,",929.11
"2023-01-20 04:00:00,",929.11
"2023-01-20 05:00:00,",929.11
"2023-01-20 06:00:00,",929.11
"2023-01-20 07:00:00,",929.11
"2023-01-20 08:00:00,",929.11
"2023-01-20 09:00:00,",929.11
"2023-01-20 10:00:00,",929.11
"2023-01-20 11:00:00,",929.11
"2023-01-20 12:00:00,",929.11
"2023-01-20 13:00:00,",929.11
"2023-01-20 14:00:00,",929.11
"2023-01-20 15:00:00,",929.11
"2023-01-20 16:00:00,",464.56
"2023-01-20 17:00:00,",929.11
"2023-01-20 18:00:00,",929.11
"2023-01-20 19:00:00,",929.11
"2023-01-20 20:00:00,",929.11
"2023-01-20 21:00:00,",929.11
"2023-01-20 22:00:00,",929.11
"2023-01-20 23:00:00,",929.11
"2023-01-21 00:00:00,",929.11
"2023-01-21 01:00:00,",464.56
"2023-01-21 02:00:00,",929.11
"2023-01-21 03:00:00,",929.11
"2023-01-21 04:00:00,",929.11
"2023-01-21 05:00:00,",929.11
"2023-01-21 06:00:00,",929.11
"2023-01-21 07:00:00,",929.11
"2023-01-21 08:00:00,",464.56
"2023-01-21 09:00:00,",929.11
"2023-01-21 10:00:00,",929.11
"2023-01-21 11:00:00,",929.11
"2023-01-21 12:00:00,",929.11
"2023-01-21 13:00:00,",929.11
"2023-01-21 14:00:00,",929.11
"2023-01-21 15:00:00,",929.11
"2023-01-21 16:00:00,",929.11
"2023-01-21 17:00:00,",929.11
"2023-01-21 18:00:00,",929.11
"2023-01-21 19:00:00,",929.11
"2023-01-21 20:00:00,",929.11
"2023-01-21 21:00:00,",929.11
"2023-01-21 22:00:00,",929.11
"2023-01-21 23:00:00,",929.11
"2023-01-22 00:00:00,",929.11
"2023-01-22 01:00:00,",929.11
"2023-01-22 02:00:00,",929.11
"2023-01-22 03:00:00,",929.11
"2023-01-22 04:00:00,",929.11
"2023-01-22 05:00:00,",929.11
"2023-01-22 06:00:00,",929.11
"2023-01-22 07:00:00,",929.11
"2023-01-22 08:00:00,",929.11
"2023-01-22 09:00:00,",929.11
"2023-01-22 10:00:00,",929.11
"2023-01-22 11:00:00,",929.11
"2023-01-22 12:00:00,",929.11
"2023-01-22 13:00:00,",929.11
"2023-01-22 14:00:00,",929.11
"2023-01-22 15:00:00,",929.11
"2023-01-22 16:00:00,",929.11
"2023-01-22 17:00:00,",929.11
"2023-01-22 18:00:00,",929.11
"2023-01-22 19:00:00,",696.84
"2023-01-22 20:00:00,",464.56
"2023-01-22 21:00:00,",464.56
"2023-01-22 22:00:00,",464.56
"2023-01-22 23:00:00,",929.11
"2023-01-23 00:00:00,",929.11
"2023-01-23 01:00:00,",929.11
"2023-01-23 02:00:00,",464.56
"2023-01-23 03:00:00,",929.11
"2023-01-23 04:00:00,",929.11
"2023-01-23 05:00:00,",464.56
"2023-01-23 06:00:00,",929.11
"2023-01-23 07:00:00,",464.56
"2023-01-23 08:00:00,",929.11
"2023-01-23 09:00:00,",464.56
"2023-01-23 10:00:00,",929.11
"2023-01-23 11:00:00,",464.56
"2023-01-23 12:00:00,",696.84
"2023-01-23 13:00:00,",929.11
"2023-01-23 14:00:00,",929.11
"2023-01-23 15:00:00,",464.56
"2023-01-23 16:00:00,",929.11
"2023-01-23 17:00:00,",929.11
"2023-01-23 18:00:00,",929.11
"2023-01-23 19:00:00,",929.11
"2023-01-23 20:00:00,",929.11
"2023-01-23 21:00:00,",464.56
"2023-01-23 22:00:00,",929.11
"2023-01-23 23:00:00,",464.56
"2023-01-24 00:00:00,",464.56
"2023-01-24 01:00:00,",530.35
"2023-01-24 02:00:00,",504
"2023-01-24 03:00:00,",483.94
"2023-01-24 04:00:00,",509.94
"2023-01-24 05:00:00,",529.71
"2023-01-24 06:00:00,",489.02
"2023-01-24 07:00:00,",617.99
"2023-01-24 08:00:00,",913.59
"2023-01-24 09:00:00,",929.11
"2023-01-24 10:00:00,",929.11
"2023-01-24 11:00:00,",464.56
"2023-01-24 12:00:00,",929.11
"2023-01-24 13:00:00,",929.11
"2023-01-24 14:00:00,",929.11
"2023-01-24 15:00:00,",464.56
"2023-01-24 16:00:00,",464.56
"2023-01-24 17:00:00,",929.11
"2023-01-24 18:00:00,",464.56
"2023-01-24 19:00:00,",929.11
"2023-01-24 20:00:00,",929.11
"2023-01-24 21:00:00,",464.56
"2023-01-24 22:00:00,",929.11
"2023-01-24 23:00:00,",929.11
"2023-01-25 00:00:00,",753.91
"2023-01-25 01:00:00,",210.47
"2023-01-25 02:00:00,",366.41
"2023-01-25 03:00:00,",185.86
"2023-01-25 04:00:00,",164.18
"2023-01-25 05:00:00,",344.64
"2023-01-25 06:00:00,",640.31
"2023-01-25 07:00:00,",464.56
"2023-01-25 08:00:00,",464.56
"2023-01-25 09:00:00,",929.11
"2023-01-25 10:00:00,",929.11
"2023-01-25 11:00:00,",464.56
"2023-01-25 12:00:00,",464.56
"2023-01-25 13:00:00,",929.11
"2023-01-25 14:00:00,",929.11
"2023-01-25 15:00:00,",929.11
"2023-01-25 16:00:00,",929.11
"2023-01-25 17:00:00,",929.11
"2023-01-25 18:00:00,",929.11
"2023-01-25 19:00:00,",929.11
"2023-01-25 20:00:00,",464.56
"2023-01-25 21:00:00,",929.11
"2023-01-25 22:00:00,",929.11
"2023-01-25 23:00:00,",464.56
"2023-01-26 00:00:00,",929.11
"2023-01-26 01:00:00,",464.56
"2023-01-26 02:00:00,",929.11
"2023-01-26 03:00:00,",929.11
"2023-01-26 04:00:00,",929.11
"2023-01-26 05:00:00,",929.11
"2023-01-26 06:00:00,",929.11
"2023-01-26 07:00:00,",929.11
"2023-01-26 08:00:00,",929.11
"2023-01-26 09:00:00,",929.11
"2023-01-26 10:00:00,",929.11
"2023-01-26 11:00:00,",929.11
"2023-01-26 12:00:00,",929.11
"2023-01-26 13:00:00,",464.56
"2023-01-26 14:00:00,",929.11
"2023-01-26 15:00:00,",464.56
"2023-01-26 16:00:00,",464.56
"2023-01-26 17:00:00,",929.11
"2023-01-26 18:00:00,",464.56
"2023-01-26 19:00:00,",929.11
"2023-01-26 20:00:00,",929.11
"2023-01-26 21:00:00,",929.11
"2023-01-26 22:00:00,",929.11
"2023-01-26 23:00:00,",929.11
"2023-01-27 00:00:00,",929.11
"2023-01-27 01:00:00,",929.11
"2023-01-27 02:00:00,",929.11
"2023-01-27 03:00:00,",929.11
"2023-01-27 04:00:00,",929.11
"2023-01-27 05:00:00,",929.11
"2023-01-27 06:00:00,",464.56
"2023-01-27 07:00:00,",929.11
"2023-01-27 08:00:00,",929.11
"2023-01-27 09:00:00,",929.11
"2023-01-27 10:00:00,",929.11
"2023-01-27 11:00:00,",929.11
"2023-01-27 12:00:00,",464.56
"2023-01-27 13:00:00,",929.11
"2023-01-27 14:00:00,",929.11
"2023-01-27 15:00:00,",929.11
"2023-01-27 16:00:00,",929.11
"2023-01-27 17:00:00,",929.11
"2023-01-27 18:00:00,",929.11
"2023-01-27 19:00:00,",929.11
"2023-01-27 20:00:00,",929.11
"2023-01-27 21:00:00,",929.11
"2023-01-27 22:00:00,",464.56
"2023-01-27 23:00:00,",929.11
"2023-01-28 00:00:00,",929.11
"2023-01-28 01:00:00,",929.11
"2023-01-28 02:00:00,",929.11
"2023-01-28 03:00:00,",929.11
"2023-01-28 04:00:00,",929.11
"2023-01-28 05:00:00,",929.11
"2023-01-28 06:00:00,",929.11
"2023-01-28 07:00:00,",929.11
"2023-01-28 08:00:00,",929.11
"2023-01-28 09:00:00,",929.11
"2023-01-28 10:00:00,",464.56
"2023-01-28 11:00:00,",929.11
"2023-01-28 12:00:00,",464.56
"2023-01-28 13:00:00,",929.11
"2023-01-28 14:00:00,",929.11
"2023-01-28 15:00:00,",464.56
"2023-01-28 16:00:00,",464.56
"2023-01-28 17:00:00,",929.11
"2023-01-28 18:00:00,",929.11
"2023-01-28 19:00:00,",929.11
"2023-01-28 20:00:00,",929.11
"2023-01-28 21:00:00,",929.11
"2023-01-28 22:00:00,",929.11
"2023-01-28 23:00:00,",929.11
"2023-01-29 00:00:00,",929.11
"2023-01-29 01:00:00,",929.11
"2023-01-29 02:00:00,",929.11
"2023-01-29 03:00:00,",929.11
"2023-01-29 04:00:00,",464.56
"2023-01-29 05:00:00,",929.11
"2023-01-29 06:00:00,",464.56
"2023-01-29 07:00:00,",929.11
"2023-01-29 08:00:00,",929.11
"2023-01-29 09:00:00,",464.56
"2023-01-29 10:00:00,",464.56
"2023-01-29 11:00:00,",929.11
"2023-01-29 12:00:00,",929.11
"2023-01-29 13:00:00,",464.56
"2023-01-29 14:00:00,",929.11
"2023-01-29 15:00:00,",929.11
"2023-01-29 16:00:00,",929.11
"2023-01-29 17:00:00,",929.11
"2023-01-29 18:00:00,",929.11
"2023-01-29 19:00:00,",929.11
"2023-01-29 20:00:00,",929.11
"2023-01-29 21:00:00,",929.11
"2023-01-29 22:00:00,",929.11
"2023-01-29 23:00:00,",464.56
"2023-01-30 00:00:00,",929.11
"2023-01-30 01:00:00,",929.11
"2023-01-30 02:00:00,",929.11
"2023-01-30 03:00:00,",929.11
"2023-01-30 04:00:00,",929.11
"2023-01-30 05:00:00,",929.11
"2023-01-30 06:00:00,",929.11
"2023-01-30 07:00:00,",929.11
"2023-01-30 08:00:00,",929.11
"2023-01-30 09:00:00,",929.11
"2023-01-30 10:00:00,",464.56
"2023-01-30 11:00:00,",929.11
"2023-01-30 12:00:00,",929.11
"2023-01-30 13:00:00,",929.11
"2023-01-30 14:00:00,",929.11
"2023-01-30 15:00:00,",929.11
"2023-01-30 16:00:00,",929.11
"2023-01-30 17:00:00,",929.11
"2023-01-30 18:00:00,",929.11
"2023-01-30 19:00:00,",929.11
"2023-01-30 20:00:00,",929.11
"2023-01-30 21:00:00,",929.11
"2023-01-30 22:00:00,",929.11
"2023-01-30 23:00:00,",464.56
"2023-01-31 00:00:00,",850.84
"2023-01-31 01:00:00,",556.6
"2023-01-31 02:00:00,",448.14
"2023-01-31 03:00:00,",454.8
"2023-01-31 04:00:00,",222.56
"2023-01-31 05:00:00,",456.6
"2023-01-31 06:00:00,",287.66
"2023-01-31 07:00:00,",865.46
"2023-01-31 08:00:00,",929.11
"2023-01-31 09:00:00,",929.11
"2023-01-31 10:00:00,",929.11
"2023-01-31 11:00:00,",929.11
"2023-01-31 12:00:00,",929.11
"2023-01-31 13:00:00,",929.11
"2023-01-31 14:00:00,",929.11
"2023-01-31 15:00:00,",464.56
"2023-01-31 16:00:00,",392.36
"2023-01-31 17:00:00,",693.08
"2023-01-31 18:00:00,",683.64
"2023-01-31 19:00:00,",690.44
"2023-01-31 20:00:00,",171.67
"2023-01-31 21:00:00,",172.4
"2023-01-31 22:00:00,",252.69
"2023-01-31 23:00:00,",332.98
"2023-02-01 00:00:00,",321.46
"2023-02-01 01:00:00,",323.81
"2023-02-01 02:00:00,",327.76
"2023-02-01 03:00:00,",292.98
"2023-02-01 04:00:00,",312.58
"2023-02-01 05:00:00,",320.42
"2023-02-01 06:00:00,",579.95
"2023-02-01 07:00:00,",929.11
"2023-02-01 08:00:00,",464.56
"2023-02-01 09:00:00,",929.11
"2023-02-01 10:00:00,",464.56
"2023-02-01 11:00:00,",929.11
"2023-02-01 12:00:00,",929.11
"2023-02-01 13:00:00,",929.11
"2023-02-01 14:00:00,",929.11
"2023-02-01 15:00:00,",929.11
"2023-02-01 16:00:00,",929.11
"2023-02-01 17:00:00,",929.11
"2023-02-01 18:00:00,",929.11
"2023-02-01 19:00:00,",929.11
"2023-02-01 20:00:00,",929.11
"2023-02-01 21:00:00,",929.11
"2023-02-01 22:00:00,",929.11
"2023-02-01 23:00:00,",929.11
"2023-02-02 00:00:00,",929.11
"2023-02-02 01:00:00,",929.11
"2023-02-02 02:00:00,",929.11
"2023-02-02 03:00:00,",912.92
"2023-02-02 04:00:00,",464.56
"2023-02-02 05:00:00,",929.11
"2023-02-02 06:00:00,",929.11
"2023-02-02 07:00:00,",929.11
"2023-02-02 08:00:00,",929.11
"2023-02-02 09:00:00,",929.11
"2023-02-02 10:00:00,",929.11
"2023-02-02 11:00:00,",929.11
"2023-02-02 12:00:00,",929.11
"2023-02-02 13:00:00,",929.11
"2023-02-02 14:00:00,",929.11
"2023-02-02 15:00:00,",929.11
"2023-02-02 16:00:00,",929.11
"2023-02-02 17:00:00,",929.11
"2023-02-02 18:00:00,",929.11
"2023-02-02 19:00:00,",929.11
"2023-02-02 20:00:00,",929.11
"2023-02-02 21:00:00,",929.11
"2023-02-02 22:00:00,",929.11
"2023-02-02 23:00:00,",929.11
"2023-02-03 00:00:00,",929.11
"2023-02-03 01:00:00,",914.3
"2023-02-03 02:00:00,",864.8
"2023-02-03 03:00:00,",902.44
"2023-02-03 04:00:00,",890.01
"2023-02-03 05:00:00,",805.56
"2023-02-03 06:00:00,",929.11
"2023-02-03 07:00:00,",929.11
"2023-02-03 08:00:00,",929.11
"2023-02-03 09:00:00,",929.11
"2023-02-03 10:00:00,",929.11
"2023-02-03 11:00:00,",929.11
"2023-02-03 12:00:00,",929.11
"2023-02-03 13:00:00,",929.11
"2023-02-03 14:00:00,",929.11
"2023-02-03 15:00:00,",929.11
"2023-02-03 16:00:00,",929.11
"2023-02-03 17:00:00,",929.11
"2023-02-03 18:00:00,",929.11
"2023-02-03 19:00:00,",929.11
"2023-02-03 20:00:00,",929.11
"2023-02-03 21:00:00,",929.11
"2023-02-03 22:00:00,",929.11
"2023-02-03 23:00:00,",929.11
"2023-02-04 00:00:00,",929.11
"2023-02-04 01:00:00,",929.11
"2023-02-04 02:00:00,",929.11
"2023-02-04 03:00:00,",929.11
"2023-02-04 04:00:00,",929.11
"2023-02-04 05:00:00,",929.11
"2023-02-04 06:00:00,",929.11
"2023-02-04 07:00:00,",929.11
"2023-02-04 08:00:00,",929.11
"2023-02-04 09:00:00,",929.11
"2023-02-04 10:00:00,",929.11
"2023-02-04 11:00:00,",929.11
"2023-02-04 12:00:00,",929.11
"2023-02-04 13:00:00,",929.11
"2023-02-04 14:00:00,",929.11
"2023-02-04 15:00:00,",929.11
"2023-02-04 16:00:00,",929.11
"2023-02-04 17:00:00,",929.11
"2023-02-04 18:00:00,",929.11
"2023-02-04 19:00:00,",929.11
"2023-02-04 20:00:00,",929.11
"2023-02-04 21:00:00,",929.11
"2023-02-04 22:00:00,",929.11
"2023-02-04 23:00:00,",929.11
"2023-02-05 00:00:00,",929.11
"2023-02-05 01:00:00,",929.11
"2023-02-05 02:00:00,",929.11
"2023-02-05 03:00:00,",929.11
"2023-02-05 04:00:00,",929.11
"2023-02-05 05:00:00,",929.11
"2023-02-05 06:00:00,",929.11
"2023-02-05 07:00:00,",929.11
"2023-02-05 08:00:00,",464.56
"2023-02-05 09:00:00,",929.11
"2023-02-05 10:00:00,",929.11
"2023-02-05 11:00:00,",929.11
"2023-02-05 12:00:00,",929.11
"2023-02-05 13:00:00,",929.11
"2023-02-05 14:00:00,",929.11
"2023-02-05 15:00:00,",929.11
"2023-02-05 16:00:00,",929.11
"2023-02-05 17:00:00,",929.11
"2023-02-05 18:00:00,",929.11
"2023-02-05 19:00:00,",929.11
"2023-02-05 20:00:00,",464.56
"2023-02-05 21:00:00,",464.56
"2023-02-05 22:00:00,",929.11
"2023-02-05 23:00:00,",929.11
"2023-02-06 00:00:00,",929.11
"2023-02-06 01:00:00,",929.11
"2023-02-06 02:00:00,",929.11
"2023-02-06 03:00:00,",929.11
"2023-02-06 04:00:00,",929.11
"2023-02-06 05:00:00,",464.56
"2023-02-06 06:00:00,",929.11
"2023-02-06 07:00:00,",886.24
"2023-02-06 08:00:00,",929.11
"2023-02-06 09:00:00,",929.11
"2023-02-06 10:00:00,",929.11
"2023-02-06 11:00:00,",929.11
"2023-02-06 12:00:00,",929.11
"2023-02-06 13:00:00,",929.11
"2023-02-06 14:00:00,",929.11
"2023-02-06 15:00:00,",929.11
"2023-02-06 16:00:00,",929.11
"2023-02-06 17:00:00,",929.11
"2023-02-06 18:00:00,",929.11
"2023-02-06 19:00:00,",929.11
"2023-02-06 20:00:00,",929.11
"2023-02-06 21:00:00,",929.11
"2023-02-06 22:00:00,",929.11
"2023-02-06 23:00:00,",929.11
"2023-02-07 00:00:00,",788.1
"2023-02-07 01:00:00,",580.62
"2023-02-07 02:00:00,",558.6
"2023-02-07 03:00:00,",521.16
"2023-02-07 04:00:00,",499.02
"2023-02-07 05:00:00,",544.62
"2023-02-07 06:00:00,",544.12
"2023-02-07 07:00:00,",527.62
"2023-02-07 08:00:00,",563.02
"2023-02-07 09:00:00,",665.84
"2023-02-07 10:00:00,",788.71
"2023-02-07 11:00:00,",760.84
"2023-02-07 12:00:00,",839.12
"2023-02-07 13:00:00,",660.67
"2023-02-07 14:00:00,",352.38
"2023-02-07 15:00:00,",650.79
"2023-02-07 16:00:00,",765.18
"2023-02-07 17:00:00,",518.76
"2023-02-07 18:00:00,",508.58
"2023-02-07 19:00:00,",501.6
"2023-02-07 20:00:00,",475.69
"2023-02-07 21:00:00,",496.14
"2023-02-07 22:00:00,",494.21
"2023-02-07 23:00:00,",465.27
"2023-02-08 00:00:00,",506.6
"2023-02-08 01:00:00,",506.72
"2023-02-08 02:00:00,",498.48
"2023-02-08 03:00:00,",509.78
"2023-02-08 04:00:00,",489.46
"2023-02-08 05:00:00,",522.55
"2023-02-08 06:00:00,",824.89
"2023-02-08 07:00:00,",929.11
"2023-02-08 08:00:00,",929.11
"2023-02-08 09:00:00,",929.11
"2023-02-08 10:00:00,",929.11
"2023-02-08 11:00:00,",929.11
"2023-02-08 12:00:00,",929.11
"2023-02-08 13:00:00,",929.11
"2023-02-08 14:00:00,",929.11
"2023-02-08 15:00:00,",929.11
"2023-02-08 16:00:00,",464.56
"2023-02-08 17:00:00,",929.11
"2023-02-08 18:00:00,",929.11
"2023-02-08 19:00:00,",929.11
"2023-02-08 20:00:00,",929.11
"2023-02-08 21:00:00,",929.11
"2023-02-08 22:00:00,",929.11
"2023-02-08 23:00:00,",929.11
"2023-02-09 00:00:00,",929.11
"2023-02-09 01:00:00,",929.11
"2023-02-09 02:00:00,",929.11
"2023-02-09 03:00:00,",929.11
"2023-02-09 04:00:00,",929.11
"2023-02-09 05:00:00,",929.11
"2023-02-09 06:00:00,",929.11
"2023-02-09 07:00:00,",929.11
"2023-02-09 08:00:00,",929.11
"2023-02-09 09:00:00,",929.11
"2023-02-09 10:00:00,",929.11
"2023-02-09 11:00:00,",929.11
"2023-02-09 12:00:00,",929.11
"2023-02-09 13:00:00,",929.11
"2023-02-09 14:00:00,",464.56
"2023-02-09 15:00:00,",929.11
"2023-02-09 16:00:00,",929.11
"2023-02-09 17:00:00,",929.11
"2023-02-09 18:00:00,",929.11
"2023-02-09 19:00:00,",929.11
"2023-02-09 20:00:00,",929.11
"2023-02-09 21:00:00,",929.11
"2023-02-09 22:00:00,",929.11
"2023-02-09 23:00:00,",929.11
"2023-02-10 00:00:00,",929.11
"2023-02-10 01:00:00,",929.11
"2023-02-10 02:00:00,",929.11
"2023-02-10 03:00:00,",929.11
"2023-02-10 04:00:00,",929.11
"2023-02-10 05:00:00,",929.11
"2023-02-10 06:00:00,",929.11
"2023-02-10 07:00:00,",929.11
"2023-02-10 08:00:00,",929.11
"2023-02-10 09:00:00,",929.11
"2023-02-10 10:00:00,",929.11
"2023-02-10 11:00:00,",929.11
"2023-02-10 12:00:00,",929.11
"2023-02-10 13:00:00,",929.11
"2023-02-10 14:00:00,",464.56
"2023-02-10 15:00:00,",929.11
"2023-02-10 16:00:00,",929.11
"2023-02-10 17:00:00,",929.11
"2023-02-10 18:00:00,",929.11
"2023-02-10 19:00:00,",929.11
"2023-02-10 20:00:00,",929.11
"2023-02-10 21:00:00,",929.11
"2023-02-10 22:00:00,",929.11
"2023-02-10 23:00:00,",929.11
"2023-02-11 00:00:00,",464.56
"2023-02-11 01:00:00,",929.11
"2023-02-11 02:00:00,",929.11
"2023-02-11 03:00:00,",909.8
"2023-02-11 04:00:00,",464.56
"2023-02-11 05:00:00,",924.72
"2023-02-11 06:00:00,",929.11
"2023-02-11 07:00:00,",929.11
"2023-02-11 08:00:00,",929.11
"2023-02-11 09:00:00,",929.11
"2023-02-11 10:00:00,",929.11
"2023-02-11 11:00:00,",929.11
"2023-02-11 12:00:00,",929.11
"2023-02-11 13:00:00,",929.11
"2023-02-11 14:00:00,",929.11
"2023-02-11 15:00:00,",929.11
"2023-02-11 16:00:00,",929.11
"2023-02-11 17:00:00,",929.11
"2023-02-11 18:00:00,",929.11
"2023-02-11 19:00:00,",929.11
"2023-02-11 20:00:00,",929.11
"2023-02-11 21:00:00,",929.11
"2023-02-11 22:00:00,",929.11
"2023-02-11 23:00:00,",464.56
"2023-02-12 00:00:00,",929.11
"2023-02-12 01:00:00,",464.56
"2023-02-12 02:00:00,",929.11
"2023-02-12 03:00:00,",920.4
"2023-02-12 04:00:00,",929.11
"2023-02-12 05:00:00,",424.04
"2023-02-12 06:00:00,",877.33
"2023-02-12 07:00:00,",913.62
"2023-02-12 08:00:00,",929.11
"2023-02-12 09:00:00,",929.11
"2023-02-12 10:00:00,",929.11
"2023-02-12 11:00:00,",929.11
"2023-02-12 12:00:00,",929.11
"2023-02-12 13:00:00,",929.11
"2023-02-12 14:00:00,",929.11
"2023-02-12 15:00:00,",929.11
"2023-02-12 16:00:00,",464.56
"2023-02-12 17:00:00,",326.97
"2023-02-12 18:00:00,",348.7
"2023-02-12 19:00:00,",345.16
"2023-02-12 20:00:00,",324.72
"2023-02-12 21:00:00,",330.85
"2023-02-12 22:00:00,",332.14
"2023-02-12 23:00:00,",175.02
"2023-02-13 00:00:00,",313.58
"2023-02-13 01:00:00,",316.16
"2023-02-13 02:00:00,",325.41
"2023-02-13 03:00:00,",294.88
"2023-02-13 04:00:00,",315.08
"2023-02-13 05:00:00,",315.03
"2023-02-13 06:00:00,",290.97
"2023-02-13 07:00:00,",450.92
"2023-02-13 08:00:00,",592.45
"2023-02-13 09:00:00,",613.76
"2023-02-13 10:00:00,",676.26
"2023-02-13 11:00:00,",301.08
"2023-02-13 12:00:00,",260.91
"2023-02-13 13:00:00,",292.27
"2023-02-13 14:00:00,",721.2
"2023-02-13 15:00:00,",311.24
"2023-02-13 16:00:00,",502.14
"2023-02-13 17:00:00,",455.42
"2023-02-13 18:00:00,",323.44
"2023-02-13 19:00:00,",354.16
"2023-02-13 20:00:00,",364.32
"2023-02-13 21:00:00,",334.94
"2023-02-13 22:00:00,",347
"2023-02-13 23:00:00,",341.74
"2023-02-14 00:00:00,",297.36
"2023-02-14 01:00:00,",283.76
"2023-02-14 02:00:00,",277.92
"2023-02-14 03:00:00,",269.82
"2023-02-14 04:00:00,",283.04
"2023-02-14 05:00:00,",283.26
"2023-02-14 06:00:00,",273.33
"2023-02-14 07:00:00,",629.48
"2023-02-14 08:00:00,",808.6
"2023-02-14 09:00:00,",793.13
"2023-02-14 10:00:00,",384.46
"2023-02-14 11:00:00,",896.16
"2023-02-14 12:00:00,",918.3
"2023-02-14 13:00:00,",929.11
"2023-02-14 14:00:00,",929.11
"2023-02-14 15:00:00,",929.11
"2023-02-14 16:00:00,",929.11
"2023-02-14 17:00:00,",929.11
"2023-02-14 18:00:00,",929.11
"2023-02-14 19:00:00,",929.11
"2023-02-14 20:00:00,",929.11
"2023-02-14 21:00:00,",929.11
"2023-02-14 22:00:00,",929.11
"2023-02-14 23:00:00,",929.11
"2023-02-15 00:00:00,",929.11
"2023-02-15 01:00:00,",551.25
"2023-02-15 02:00:00,",577.36
"2023-02-15 03:00:00,",571.03
"2023-02-15 04:00:00,",530.69
"2023-02-15 05:00:00,",577.34
"2023-02-15 06:00:00,",909.94
"2023-02-15 07:00:00,",929.11
"2023-02-15 08:00:00,",929.11
"2023-02-15 09:00:00,",929.11
"2023-02-15 10:00:00,",929.11
"2023-02-15 11:00:00,",929.11
"2023-02-15 12:00:00,",929.11
"2023-02-15 13:00:00,",929.11
"2023-02-15 14:00:00,",929.11
"2023-02-15 15:00:00,",929.11
"2023-02-15 16:00:00,",929.11
"2023-02-15 17:00:00,",929.11
"2023-02-15 18:00:00,",464.56
"2023-02-15 19:00:00,",929.11
"2023-02-15 20:00:00,",929.11
"2023-02-15 21:00:00,",929.11
"2023-02-15 22:00:00,",929.11
"2023-02-15 23:00:00,",929.11
"2023-02-16 00:00:00,",929.11
"2023-02-16 01:00:00,",929.11
"2023-02-16 02:00:00,",929.11
"2023-02-16 03:00:00,",897.05
"2023-02-16 04:00:00,",929.11
"2023-02-16 05:00:00,",929.11
"2023-02-16 06:00:00,",929.11
"2023-02-16 07:00:00,",929.11
"2023-02-16 08:00:00,",464.56
"2023-02-16 09:00:00,",929.11
"2023-02-16 10:00:00,",929.11
"2023-02-16 11:00:00,",929.11
"2023-02-16 12:00:00,",929.11
"2023-02-16 13:00:00,",929.11
"2023-02-16 14:00:00,",929.11
"2023-02-16 15:00:00,",464.56
"2023-02-16 16:00:00,",464.56
"2023-02-16 17:00:00,",929.11
"2023-02-16 18:00:00,",929.11
"2023-02-16 19:00:00,",929.11
"2023-02-16 20:00:00,",929.11
"2023-02-16 21:00:00,",929.11
"2023-02-16 22:00:00,",929.11
"2023-02-16 23:00:00,",929.11
"2023-02-17 00:00:00,",929.11
"2023-02-17 01:00:00,",929.11
"2023-02-17 02:00:00,",929.11
"2023-02-17 03:00:00,",929.11
"2023-02-17 04:00:00,",929.11
"2023-02-17 05:00:00,",929.11
"2023-02-17 06:00:00,",929.11
"2023-02-17 07:00:00,",929.11
"2023-02-17 08:00:00,",929.11
"2023-02-17 09:00:00,",929.11
"2023-02-17 10:00:00,",929.11
"2023-02-17 11:00:00,",929.11
"2023-02-17 12:00:00,",929.11
"2023-02-17 13:00:00,",929.11
"2023-02-17 14:00:00,",929.11
"2023-02-17 15:00:00,",929.11
"2023-02-17 16:00:00,",929.11
"2023-02-17 17:00:00,",929.11
"2023-02-17 18:00:00,",929.11
"2023-02-17 19:00:00,",929.11
"2023-02-17 20:00:00,",929.11
"2023-02-17 21:00:00,",929.11
"2023-02-17 22:00:00,",929.11
"2023-02-17 23:00:00,",929.11
"2023-02-18 00:00:00,",929.11
"2023-02-18 01:00:00,",929.11
"2023-02-18 02:00:00,",929.11
"2023-02-18 03:00:00,",464.56
"2023-02-18 04:00:00,",929.11
"2023-02-18 05:00:00,",464.56
"2023-02-18 06:00:00,",929.11
"2023-02-18 07:00:00,",929.11
"2023-02-18 08:00:00,",929.11
"2023-02-18 09:00:00,",464.56
"2023-02-18 10:00:00,",929.11
"2023-02-18 11:00:00,",929.11
"2023-02-18 12:00:00,",929.11
"2023-02-18 13:00:00,",929.11
"2023-02-18 14:00:00,",929.11
"2023-02-18 15:00:00,",929.11
"2023-02-18 16:00:00,",929.11
"2023-02-18 17:00:00,",929.11
"2023-02-18 18:00:00,",929.11
"2023-02-18 19:00:00,",929.11
"2023-02-18 20:00:00,",929.11
"2023-02-18 21:00:00,",929.11
"2023-02-18 22:00:00,",929.11
"2023-02-18 23:00:00,",929.11
"2023-02-19 00:00:00,",929.11
"2023-02-19 01:00:00,",929.11
"2023-02-19 02:00:00,",929.11
"2023-02-19 03:00:00,",924.48
"2023-02-19 04:00:00,",929.11
"2023-02-19 05:00:00,",929.11
"2023-02-19 06:00:00,",929.11
"2023-02-19 07:00:00,",929.11
"2023-02-19 08:00:00,",929.11
"2023-02-19 09:00:00,",929.11
"2023-02-19 10:00:00,",929.11
"2023-02-19 11:00:00,",929.11
"2023-02-19 12:00:00,",929.11
"2023-02-19 13:00:00,",929.11
"2023-02-19 14:00:00,",464.56
"2023-02-19 15:00:00,",929.11
"2023-02-19 16:00:00,",929.11
"2023-02-19 17:00:00,",929.11
"2023-02-19 18:00:00,",929.11
"2023-02-19 19:00:00,",929.11
"2023-02-19 20:00:00,",929.11
"2023-02-19 21:00:00,",929.11
"2023-02-19 22:00:00,",929.11
"2023-02-19 23:00:00,",929.11
"2023-02-20 00:00:00,",928.36
"2023-02-20 01:00:00,",929.11
"2023-02-20 02:00:00,",929.11
"2023-02-20 03:00:00,",875.93
"2023-02-20 04:00:00,",929.11
"2023-02-20 05:00:00,",893.88
"2023-02-20 06:00:00,",830.05
"2023-02-20 07:00:00,",833.56
"2023-02-20 08:00:00,",929.11
"2023-02-20 09:00:00,",929.11
"2023-02-20 10:00:00,",929.11
"2023-02-20 11:00:00,",929.11
"2023-02-20 12:00:00,",929.11
"2023-02-20 13:00:00,",929.11
"2023-02-20 14:00:00,",464.56
"2023-02-20 15:00:00,",464.56
"2023-02-20 16:00:00,",929.11
"2023-02-20 17:00:00,",929.11
"2023-02-20 18:00:00,",929.11
"2023-02-20 19:00:00,",929.11
"2023-02-20 20:00:00,",929.11
"2023-02-20 21:00:00,",929.11
"2023-02-20 22:00:00,",929.11
"2023-02-20 23:00:00,",929.11
"2023-02-21 00:00:00,",929.11
"2023-02-21 01:00:00,",714.95
"2023-02-21 02:00:00,",504.55
"2023-02-21 03:00:00,",509.89
"2023-02-21 04:00:00,",486.6
"2023-02-21 05:00:00,",512.92
"2023-02-21 06:00:00,",495.73
"2023-02-21 07:00:00,",351.08
"2023-02-21 08:00:00,",929.11
"2023-02-21 09:00:00,",929.11
"2023-02-21 10:00:00,",929.11
"2023-02-21 11:00:00,",929.11
"2023-02-21 12:00:00,",929.11
"2023-02-21 13:00:00,",929.11
"2023-02-21 14:00:00,",929.11
"2023-02-21 15:00:00,",929.11
"2023-02-21 16:00:00,",715.43
"2023-02-21 17:00:00,",743.99
"2023-02-21 18:00:00,",686.81
"2023-02-21 19:00:00,",789.28
"2023-02-21 20:00:00,",787.5
"2023-02-21 21:00:00,",774.99
"2023-02-21 22:00:00,",707.2
"2023-02-21 23:00:00,",789.8
"2023-02-22 00:00:00,",777.32
"2023-02-22 01:00:00,",799.63
"2023-02-22 02:00:00,",791.16
"2023-02-22 03:00:00,",796.64
"2023-02-22 04:00:00,",805.93
"2023-02-22 05:00:00,",802.78
"2023-02-22 06:00:00,",857.76
"2023-02-22 07:00:00,",929.11
"2023-02-22 08:00:00,",929.11
"2023-02-22 09:00:00,",929.11
"2023-02-22 10:00:00,",929.11
"2023-02-22 11:00:00,",929.11
"2023-02-22 12:00:00,",929.11
"2023-02-22 13:00:00,",929.11
"2023-02-22 14:00:00,",929.11
"2023-02-22 15:00:00,",929.11
"2023-02-22 16:00:00,",929.11
"2023-02-22 17:00:00,",929.11
"2023-02-22 18:00:00,",929.11
"2023-02-22 19:00:00,",929.11
"2023-02-22 20:00:00,",929.11
"2023-02-22 21:00:00,",464.56
"2023-02-22 22:00:00,",929.11
"2023-02-22 23:00:00,",929.11
"2023-02-23 00:00:00,",929.11
"2023-02-23 01:00:00,",929.11
"2023-02-23 02:00:00,",929.11
"2023-02-23 03:00:00,",923.12
"2023-02-23 04:00:00,",929.11
"2023-02-23 05:00:00,",929.11
"2023-02-23 06:00:00,",929.11
"2023-02-23 07:00:00,",929.11
"2023-02-23 08:00:00,",929.11
"2023-02-23 09:00:00,",929.11
"2023-02-23 10:00:00,",929.11
"2023-02-23 11:00:00,",929.11
"2023-02-23 12:00:00,",464.56
"2023-02-23 13:00:00,",929.11
"2023-02-23 14:00:00,",929.11
"2023-02-23 15:00:00,",929.11
"2023-02-23 16:00:00,",929.11
"2023-02-23 17:00:00,",929.11
"2023-02-23 18:00:00,",929.11
"2023-02-23 19:00:00,",929.11
"2023-02-23 20:00:00,",929.11
"2023-02-23 21:00:00,",929.11
"2023-02-23 22:00:00,",929.11
"2023-02-23 23:00:00,",929.11
"2023-02-24 00:00:00,",929.11
"2023-02-24 01:00:00,",929.11
"2023-02-24 02:00:00,",929.11
"2023-02-24 03:00:00,",912.38
"2023-02-24 04:00:00,",929.11
"2023-02-24 05:00:00,",929.11
"2023-02-24 06:00:00,",929.11
"2023-02-24 07:00:00,",929.11
"2023-02-24 08:00:00,",929.11
"2023-02-24 09:00:00,",929.11
"2023-02-24 10:00:00,",929.11
"2023-02-24 11:00:00,",929.11
"2023-02-24 12:00:00,",929.11
"2023-02-24 13:00:00,",929.11
"2023-02-24 14:00:00,",929.11
"2023-02-24 15:00:00,",929.11
"2023-02-24 16:00:00,",929.11
"2023-02-24 17:00:00,",929.11
"2023-02-24 18:00:00,",929.11
"2023-02-24 19:00:00,",929.11
"2023-02-24 20:00:00,",464.56
"2023-02-24 21:00:00,",929.11
"2023-02-24 22:00:00,",929.11
"2023-02-24 23:00:00,",929.11
"2023-02-25 00:00:00,",929.11
"2023-02-25 01:00:00,",929.11
"2023-02-25 02:00:00,",929.11
"2023-02-25 03:00:00,",929.11
"2023-02-25 04:00:00,",929.11
"2023-02-25 05:00:00,",464.56
"2023-02-25 06:00:00,",929.11
"2023-02-25 07:00:00,",929.11
"2023-02-25 08:00:00,",929.11
"2023-02-25 09:00:00,",929.11
"2023-02-25 10:00:00,",929.11
"2023-02-25 11:00:00,",929.11
"2023-02-25 12:00:00,",929.11
"2023-02-25 13:00:00,",929.11
"2023-02-25 14:00:00,",929.11
"2023-02-25 15:00:00,",929.11
"2023-02-25 16:00:00,",929.11
"2023-02-25 17:00:00,",929.11
"2023-02-25 18:00:00,",929.11
"2023-02-25 19:00:00,",929.11
"2023-02-25 20:00:00,",929.11
"2023-02-25 21:00:00,",929.11
"2023-02-25 22:00:00,",929.11
"2023-02-25 23:00:00,",929.11
"2023-02-26 00:00:00,",929.11
"2023-02-26 01:00:00,",929.11
"2023-02-26 02:00:00,",929.11
"2023-02-26 03:00:00,",929.11
"2023-02-26 04:00:00,",929.11
"2023-02-26 05:00:00,",929.11
"2023-02-26 06:00:00,",929.11
"2023-02-26 07:00:00,",929.11
"2023-02-26 08:00:00,",929.11
"2023-02-26 09:00:00,",929.11
"2023-02-26 10:00:00,",929.11
"2023-02-26 11:00:00,",929.11
"2023-02-26 12:00:00,",929.11
"2023-02-26 13:00:00,",929.11
"2023-02-26 14:00:00,",929.11
"2023-02-26 15:00:00,",929.11
"2023-02-26 16:00:00,",929.11
"2023-02-26 17:00:00,",929.11
"2023-02-26 18:00:00,",929.11
"2023-02-26 19:00:00,",929.11
"2023-02-26 20:00:00,",929.11
"2023-02-26 21:00:00,",929.11
"2023-02-26 22:00:00,",929.11
"2023-02-26 23:00:00,",929.11
"2023-02-27 00:00:00,",929.11
"2023-02-27 01:00:00,",929.11
"2023-02-27 02:00:00,",922.32
"2023-02-27 03:00:00,",815.58
"2023-02-27 04:00:00,",899.8
"2023-02-27 05:00:00,",796.99
"2023-02-27 06:00:00,",865.1
"2023-02-27 07:00:00,",929.11
"2023-02-27 08:00:00,",929.11
"2023-02-27 09:00:00,",929.11
"2023-02-27 10:00:00,",929.11
"2023-02-27 11:00:00,",929.11
"2023-02-27 12:00:00,",929.11
"2023-02-27 13:00:00,",929.11
"2023-02-27 14:00:00,",929.11
"2023-02-27 15:00:00,",929.11
"2023-02-27 16:00:00,",929.11
"2023-02-27 17:00:00,",929.11
"2023-02-27 18:00:00,",929.11
"2023-02-27 19:00:00,",929.11
"2023-02-27 20:00:00,",929.11
"2023-02-27 21:00:00,",929.11
"2023-02-27 22:00:00,",929.11
"2023-02-27 23:00:00,",929.11
"2023-02-28 00:00:00,",929.11
"2023-02-28 01:00:00,",753.72
"2023-02-28 02:00:00,",766.24
"2023-02-28 03:00:00,",750.76
"2023-02-28 04:00:00,",699.75
"2023-02-28 05:00:00,",802.3
"2023-02-28 06:00:00,",755.39
"2023-02-28 07:00:00,",679.21
"2023-02-28 08:00:00,",611.62
"2023-02-28 09:00:00,",800.73
"2023-02-28 10:00:00,",859.88
"2023-02-28 11:00:00,",880.42
"2023-02-28 12:00:00,",774.04
"2023-02-28 13:00:00,",692.8
"2023-02-28 14:00:00,",739.86
"2023-02-28 15:00:00,",762.3
"2023-02-28 16:00:00,",664.41
"2023-02-28 17:00:00,",731.08
"2023-02-28 18:00:00,",565.12
"2023-02-28 19:00:00,",660.92
"2023-02-28 20:00:00,",625.42
"2023-02-28 21:00:00,",565.58
"2023-02-28 22:00:00,",608.64
"2023-02-28 23:00:00,",599.92
